"","Sdate","Cosit","LaneNumber","LaneDescription","LaneDirection","DirectionDescription","Volume","Flags","Flag.Text","AvgSpeed","PmlHGV","Class1Volume","Class2Volume","Class3Volume","Class4Volume","Class5Volume","Class6Volume"
"1","01/02/18 00:00",1083,1,"NB_NS",1,"North",80,0,NA,15837,100,2,69,1,8,0,0
"2","01/02/18 00:00",1083,2,"NB_MID",1,"North",104,0,NA,16651,106,2,91,0,6,5,0
"3","01/02/18 00:00",1083,3,"NB_OS",1,"North",19,0,NA,16023,0,0,19,0,0,0,0
"4","01/02/18 00:00",1083,4,"SB_OS",2,"South",29,0,NA,17672,0,3,26,0,0,0,0
"5","01/02/18 00:00",1083,5,"SB_MID",2,"South",97,0,NA,18004,10,1,95,0,1,0,0
"6","01/02/18 00:00",1083,6,"SB_NS",2,"South",101,0,NA,16227,69,0,94,0,5,2,0
"7","01/02/18 01:00",1083,1,"NB_NS",1,"North",53,0,NA,16336,75,0,49,0,3,1,0
"8","01/02/18 01:00",1083,2,"NB_MID",1,"North",60,0,NA,17370,50,0,57,0,3,0,0
"9","01/02/18 01:00",1083,3,"NB_OS",1,"North",8,0,NA,16563,0,0,8,0,0,0,0
"10","01/02/18 01:00",1083,4,"SB_OS",2,"South",10,0,NA,16306,100,1,8,0,1,0,0
"11","01/02/18 01:00",1083,5,"SB_MID",2,"South",44,0,NA,17671,23,0,43,0,1,0,0
"12","01/02/18 01:00",1083,6,"SB_NS",2,"South",56,0,NA,16300,107,1,49,0,3,3,0
"13","01/02/18 02:00",1083,1,"NB_NS",1,"North",28,0,NA,16280,250,0,21,0,4,3,0
"14","01/02/18 02:00",1083,2,"NB_MID",1,"North",42,0,NA,16832,143,0,35,0,3,3,1
"15","01/02/18 02:00",1083,3,"NB_OS",1,"North",3,0,NA,17222,0,0,3,0,0,0,0
"16","01/02/18 02:00",1083,4,"SB_OS",2,"South",9,0,NA,17160,111,1,7,0,1,0,0
"17","01/02/18 02:00",1083,5,"SB_MID",2,"South",25,0,NA,17489,40,0,24,0,1,0,0
"18","01/02/18 02:00",1083,6,"SB_NS",2,"South",45,0,NA,16043,133,1,38,0,5,1,0
"19","01/02/18 03:00",1083,1,"NB_NS",1,"North",51,0,NA,17195,137,0,44,0,4,3,0
"20","01/02/18 03:00",1083,2,"NB_MID",1,"North",26,0,NA,16934,192,0,20,0,2,3,1
"21","01/02/18 03:00",1083,3,"NB_OS",1,"North",8,0,NA,15972,0,0,8,0,0,0,0
"22","01/02/18 03:00",1083,4,"SB_OS",2,"South",15,0,NA,16685,0,0,15,0,0,0,0
"23","01/02/18 03:00",1083,5,"SB_MID",2,"South",35,0,NA,17722,114,0,31,0,4,0,0
"24","01/02/18 03:00",1083,6,"SB_NS",2,"South",59,0,NA,17076,68,0,55,0,2,2,0
"25","01/02/18 04:00",1083,1,"NB_NS",1,"North",67,0,NA,16725,224,0,52,0,7,8,0
"26","01/02/18 04:00",1083,2,"NB_MID",1,"North",60,0,NA,16903,83,1,54,0,4,1,0
"27","01/02/18 04:00",1083,3,"NB_OS",1,"North",19,0,NA,16857,0,0,19,0,0,0,0
"28","01/02/18 04:00",1083,4,"SB_OS",2,"South",8,0,NA,17674,125,0,7,0,1,0,0
"29","01/02/18 04:00",1083,5,"SB_MID",2,"South",48,0,NA,18594,21,0,47,0,1,0,0
"30","01/02/18 04:00",1083,6,"SB_NS",2,"South",60,0,NA,16912,50,2,55,0,1,2,0
"31","01/02/18 05:00",1083,1,"NB_NS",1,"North",186,0,NA,16217,54,1,172,0,7,3,3
"32","01/02/18 05:00",1083,2,"NB_MID",1,"North",163,0,NA,16512,67,2,148,1,7,4,1
"33","01/02/18 05:00",1083,3,"NB_OS",1,"North",67,0,NA,18731,15,0,66,0,1,0,0
"34","01/02/18 05:00",1083,4,"SB_OS",2,"South",56,0,NA,16662,36,4,49,0,2,0,1
"35","01/02/18 05:00",1083,5,"SB_MID",2,"South",107,0,NA,17474,37,6,97,0,3,1,0
"36","01/02/18 05:00",1083,6,"SB_NS",2,"South",136,0,NA,17132,66,7,120,0,6,3,0
"37","01/02/18 06:00",1083,1,"NB_NS",1,"North",343,0,NA,14947,50,1,315,0,16,1,10
"38","01/02/18 06:00",1083,2,"NB_MID",1,"North",511,0,NA,15284,33,5,489,0,16,1,0
"39","01/02/18 06:00",1083,3,"NB_OS",1,"North",420,0,NA,15632,10,1,415,0,4,0,0
"40","01/02/18 06:00",1083,4,"SB_OS",2,"South",214,0,NA,17126,9,12,200,0,2,0,0
"41","01/02/18 06:00",1083,5,"SB_MID",2,"South",265,0,NA,17265,38,10,244,0,9,1,1
"42","01/02/18 06:00",1083,6,"SB_NS",2,"South",396,0,NA,16736,86,4,355,0,28,6,3
"43","01/02/18 07:00",1083,1,"NB_NS",1,"North",827,0,NA,11091,28,7,783,1,21,2,13
"44","01/02/18 07:00",1083,2,"NB_MID",1,"North",1097,0,NA,9314,24,8,1060,1,24,2,2
"45","01/02/18 07:00",1083,3,"NB_OS",1,"North",1124,0,NA,9381,36,1,1077,1,39,1,5
"46","01/02/18 07:00",1083,4,"SB_OS",2,"South",560,0,NA,15389,7,10,546,0,4,0,0
"47","01/02/18 07:00",1083,5,"SB_MID",2,"South",575,0,NA,15062,38,30,521,2,21,1,0
"48","01/02/18 07:00",1083,6,"SB_NS",2,"South",954,0,NA,14843,35,7,902,0,30,3,12
"49","01/02/18 08:00",1083,1,"NB_NS",1,"North",940,0,NA,8839,26,7,898,1,22,2,10
"50","01/02/18 08:00",1083,2,"NB_MID",1,"North",892,0,NA,7278,35,8,851,0,26,5,2
"51","01/02/18 08:00",1083,3,"NB_OS",1,"North",953,0,NA,7883,34,3,906,2,28,4,10
"52","01/02/18 08:00",1083,4,"SB_OS",2,"South",586,0,NA,15451,22,11,562,0,13,0,0
"53","01/02/18 08:00",1083,5,"SB_MID",2,"South",580,0,NA,15010,28,14,549,0,16,0,1
"54","01/02/18 08:00",1083,6,"SB_NS",2,"South",965,0,NA,14300,45,2,909,2,37,6,9
"55","01/02/18 09:00",1083,1,"NB_NS",1,"North",662,0,NA,12809,59,10,604,3,37,2,6
"56","01/02/18 09:00",1083,2,"NB_MID",1,"North",906,0,NA,13091,43,16,845,4,36,3,2
"57","01/02/18 09:00",1083,3,"NB_OS",1,"North",906,0,NA,13637,22,5,881,0,20,0,0
"58","01/02/18 09:00",1083,4,"SB_OS",2,"South",410,0,NA,16192,17,9,391,2,5,2,1
"59","01/02/18 09:00",1083,5,"SB_MID",2,"South",519,0,NA,15808,37,12,487,0,18,1,1
"60","01/02/18 09:00",1083,6,"SB_NS",2,"South",698,0,NA,14992,74,5,626,4,48,4,11
"61","01/02/18 10:00",1083,1,"NB_NS",1,"North",565,0,NA,13795,55,4,516,2,30,1,12
"62","01/02/18 10:00",1083,2,"NB_MID",1,"North",645,0,NA,14363,78,4,587,1,45,5,3
"63","01/02/18 10:00",1083,3,"NB_OS",1,"North",558,0,NA,15245,38,3,534,0,21,0,0
"64","01/02/18 10:00",1083,4,"SB_OS",2,"South",377,0,NA,16390,29,13,352,1,11,0,0
"65","01/02/18 10:00",1083,5,"SB_MID",2,"South",457,0,NA,15714,33,13,427,1,14,1,1
"66","01/02/18 10:00",1083,6,"SB_NS",2,"South",593,0,NA,15201,108,7,513,1,57,7,8
"67","01/02/18 11:00",1083,1,"NB_NS",1,"North",583,0,NA,13521,63,3,532,1,34,3,10
"68","01/02/18 11:00",1083,2,"NB_MID",1,"North",607,0,NA,14571,61,7,559,4,33,4,0
"69","01/02/18 11:00",1083,3,"NB_OS",1,"North",511,0,NA,15343,29,1,490,5,15,0,0
"70","01/02/18 11:00",1083,4,"SB_OS",2,"South",440,0,NA,16278,32,24,400,2,14,0,0
"71","01/02/18 11:00",1083,5,"SB_MID",2,"South",545,0,NA,15747,48,21,495,3,23,3,0
"72","01/02/18 11:00",1083,6,"SB_NS",2,"South",644,0,NA,15052,62,6,585,5,32,8,8
"73","01/02/18 12:00",1083,1,"NB_NS",1,"North",640,0,NA,13678,66,5,581,2,41,1,10
"74","01/02/18 12:00",1083,2,"NB_MID",1,"North",660,0,NA,14564,52,9,614,2,31,3,1
"75","01/02/18 12:00",1083,3,"NB_OS",1,"North",553,0,NA,15641,27,1,535,1,15,0,1
"76","01/02/18 12:00",1083,4,"SB_OS",2,"South",504,0,NA,16297,22,9,482,2,10,1,0
"77","01/02/18 12:00",1083,5,"SB_MID",2,"South",571,0,NA,15709,46,10,535,0,24,2,0
"78","01/02/18 12:00",1083,6,"SB_NS",2,"South",673,0,NA,15102,68,5,612,0,41,5,10
"79","01/02/18 13:00",1083,1,"NB_NS",1,"North",617,0,NA,13983,68,9,556,1,36,6,9
"80","01/02/18 13:00",1083,2,"NB_MID",1,"North",634,0,NA,15071,36,2,605,4,23,0,0
"81","01/02/18 13:00",1083,3,"NB_OS",1,"North",479,0,NA,15611,44,7,449,2,21,0,0
"82","01/02/18 13:00",1083,4,"SB_OS",2,"South",513,0,NA,16328,19,18,482,3,10,0,0
"83","01/02/18 13:00",1083,5,"SB_MID",2,"South",545,0,NA,15850,35,18,508,0,18,1,0
"84","01/02/18 13:00",1083,6,"SB_NS",2,"South",776,0,NA,14701,72,4,708,1,48,8,7
"85","01/02/18 14:00",1083,1,"NB_NS",1,"North",683,0,NA,13324,119,4,586,4,78,3,8
"86","01/02/18 14:00",1083,2,"NB_MID",1,"North",567,0,NA,14767,65,7,520,2,35,2,1
"87","01/02/18 14:00",1083,3,"NB_OS",1,"North",488,0,NA,15608,57,1,458,1,28,0,0
"88","01/02/18 14:00",1083,4,"SB_OS",2,"South",565,0,NA,16292,32,20,524,3,14,4,0
"89","01/02/18 14:00",1083,5,"SB_MID",2,"South",638,0,NA,15988,42,15,596,0,26,1,0
"90","01/02/18 14:00",1083,6,"SB_NS",2,"South",842,0,NA,15008,50,6,778,2,37,5,14
"91","01/02/18 15:00",1083,1,"NB_NS",1,"North",805,0,NA,12802,92,3,713,3,71,3,12
"92","01/02/18 15:00",1083,2,"NB_MID",1,"North",604,0,NA,14066,63,10,554,1,34,4,1
"93","01/02/18 15:00",1083,3,"NB_OS",1,"North",598,0,NA,14843,37,3,572,1,22,0,0
"94","01/02/18 15:00",1083,4,"SB_OS",2,"South",666,0,NA,15563,23,7,644,0,14,1,0
"95","01/02/18 15:00",1083,5,"SB_MID",2,"South",705,0,NA,14856,45,14,659,0,31,1,0
"96","01/02/18 15:00",1083,6,"SB_NS",2,"South",1109,0,NA,13673,37,8,1051,2,38,3,7
"97","01/02/18 16:00",1083,1,"NB_NS",1,"North",951,0,NA,11290,47,2,888,4,41,4,12
"98","01/02/18 16:00",1083,2,"NB_MID",1,"North",702,0,NA,13344,34,8,666,2,23,1,2
"99","01/02/18 16:00",1083,3,"NB_OS",1,"North",785,0,NA,13980,22,4,762,0,15,2,0
"100","01/02/18 16:00",1083,4,"SB_OS",2,"South",802,0,NA,14902,6,14,783,0,5,0,0
"101","01/02/18 16:00",1083,5,"SB_MID",2,"South",793,0,NA,13060,24,13,758,2,16,3,0
"102","01/02/18 16:00",1083,6,"SB_NS",2,"South",1376,0,NA,11292,31,6,1317,0,40,2,11
"103","01/02/18 17:00",1083,1,"NB_NS",1,"North",1017,0,NA,10643,28,7,975,1,25,3,6
"104","01/02/18 17:00",1083,2,"NB_MID",1,"North",775,0,NA,12687,14,6,755,2,9,2,1
"105","01/02/18 17:00",1083,3,"NB_OS",1,"North",887,0,NA,13279,16,5,868,0,14,0,0
"106","01/02/18 17:00",1083,4,"SB_OS",2,"South",698,0,NA,14536,10,19,671,1,7,0,0
"107","01/02/18 17:00",1083,5,"SB_MID",2,"South",788,0,NA,12811,15,22,754,0,12,0,0
"108","01/02/18 17:00",1083,6,"SB_NS",2,"South",1256,0,NA,11708,10,9,1227,0,11,1,8
"109","01/02/18 18:00",1083,1,"NB_NS",1,"North",816,0,NA,11318,31,7,774,1,21,4,9
"110","01/02/18 18:00",1083,2,"NB_MID",1,"North",736,0,NA,12886,18,4,717,1,10,3,1
"111","01/02/18 18:00",1083,3,"NB_OS",1,"North",723,0,NA,14130,15,0,712,0,11,0,0
"112","01/02/18 18:00",1083,4,"SB_OS",2,"South",646,0,NA,14920,5,17,626,0,3,0,0
"113","01/02/18 18:00",1083,5,"SB_MID",2,"South",705,0,NA,14141,6,15,686,0,4,0,0
"114","01/02/18 18:00",1083,6,"SB_NS",2,"South",1034,0,NA,13075,11,5,1009,0,10,1,9
"115","01/02/18 19:00",1083,1,"NB_NS",1,"North",462,0,NA,14618,15,3,445,0,7,0,7
"116","01/02/18 19:00",1083,2,"NB_MID",1,"North",468,0,NA,15073,9,3,460,1,4,0,0
"117","01/02/18 19:00",1083,3,"NB_OS",1,"North",412,0,NA,15620,10,0,406,1,4,0,1
"118","01/02/18 19:00",1083,4,"SB_OS",2,"South",434,0,NA,16330,7,12,418,1,3,0,0
"119","01/02/18 19:00",1083,5,"SB_MID",2,"South",534,0,NA,15709,4,15,517,0,2,0,0
"120","01/02/18 19:00",1083,6,"SB_NS",2,"South",658,0,NA,15031,15,5,636,0,9,1,7
"121","01/02/18 20:00",1083,1,"NB_NS",1,"North",380,0,NA,14934,32,6,358,1,9,3,3
"122","01/02/18 20:00",1083,2,"NB_MID",1,"North",379,0,NA,15723,24,3,366,1,6,3,0
"123","01/02/18 20:00",1083,3,"NB_OS",1,"North",293,0,NA,15966,3,0,292,0,1,0,0
"124","01/02/18 20:00",1083,4,"SB_OS",2,"South",292,0,NA,16701,10,5,284,0,2,1,0
"125","01/02/18 20:00",1083,5,"SB_MID",2,"South",433,0,NA,16021,5,9,422,0,2,0,0
"126","01/02/18 20:00",1083,6,"SB_NS",2,"South",518,0,NA,15363,23,5,495,0,7,5,6
"127","01/02/18 21:00",1083,1,"NB_NS",1,"North",259,0,NA,14826,15,2,250,0,3,1,3
"128","01/02/18 21:00",1083,2,"NB_MID",1,"North",289,0,NA,15996,7,2,285,0,2,0,0
"129","01/02/18 21:00",1083,3,"NB_OS",1,"North",166,0,NA,16884,12,0,164,0,2,0,0
"130","01/02/18 21:00",1083,4,"SB_OS",2,"South",217,0,NA,16793,0,8,209,0,0,0,0
"131","01/02/18 21:00",1083,5,"SB_MID",2,"South",294,0,NA,16769,17,12,277,0,4,1,0
"132","01/02/18 21:00",1083,6,"SB_NS",2,"South",356,0,NA,16024,20,0,346,0,7,0,3
"133","01/02/18 22:00",1083,1,"NB_NS",1,"North",181,0,NA,15327,33,2,170,0,6,0,3
"134","01/02/18 22:00",1083,2,"NB_MID",1,"North",206,0,NA,15848,10,0,204,0,2,0,0
"135","01/02/18 22:00",1083,3,"NB_OS",1,"North",120,0,NA,16572,25,0,117,0,3,0,0
"136","01/02/18 22:00",1083,4,"SB_OS",2,"South",132,0,NA,17317,15,1,129,0,2,0,0
"137","01/02/18 22:00",1083,5,"SB_MID",2,"South",247,0,NA,17064,4,3,243,0,1,0,0
"138","01/02/18 22:00",1083,6,"SB_NS",2,"South",318,0,NA,16271,19,4,304,0,6,0,4
"139","01/02/18 23:00",1083,1,"NB_NS",1,"North",116,0,NA,15802,43,1,108,0,5,0,2
"140","01/02/18 23:00",1083,2,"NB_MID",1,"North",140,0,NA,16542,36,3,131,1,2,3,0
"141","01/02/18 23:00",1083,3,"NB_OS",1,"North",58,0,NA,17649,0,1,57,0,0,0,0
"142","01/02/18 23:00",1083,4,"SB_OS",2,"South",58,0,NA,17797,17,3,54,0,1,0,0
"143","01/02/18 23:00",1083,5,"SB_MID",2,"South",182,0,NA,17514,16,2,177,0,3,0,0
"144","01/02/18 23:00",1083,6,"SB_NS",2,"South",154,0,NA,16645,45,2,141,0,6,1,4
"145","05/02/18 00:00",1083,1,"NB_NS",1,"North",47,0,NA,15727,0,0,47,0,0,0,0
"146","05/02/18 00:00",1083,2,"NB_MID",1,"North",69,0,NA,16771,0,0,69,0,0,0,0
"147","05/02/18 00:00",1083,3,"NB_OS",1,"North",15,0,NA,17074,0,0,15,0,0,0,0
"148","05/02/18 00:00",1083,4,"SB_OS",2,"South",20,0,NA,17583,100,3,15,0,1,1,0
"149","05/02/18 00:00",1083,5,"SB_MID",2,"South",63,0,NA,17526,0,1,62,0,0,0,0
"150","05/02/18 00:00",1083,6,"SB_NS",2,"South",69,0,NA,17085,58,1,64,0,3,1,0
"151","05/02/18 01:00",1083,1,"NB_NS",1,"North",19,0,NA,16374,53,1,17,0,1,0,0
"152","05/02/18 01:00",1083,2,"NB_MID",1,"North",38,0,NA,15724,0,0,37,1,0,0,0
"153","05/02/18 01:00",1083,3,"NB_OS",1,"North",10,0,NA,15722,0,1,9,0,0,0,0
"154","05/02/18 01:00",1083,4,"SB_OS",2,"South",9,0,NA,16821,111,0,8,0,1,0,0
"155","05/02/18 01:00",1083,5,"SB_MID",2,"South",39,0,NA,17130,77,1,35,0,3,0,0
"156","05/02/18 01:00",1083,6,"SB_NS",2,"South",43,0,NA,16098,23,0,42,0,0,1,0
"157","05/02/18 02:00",1083,1,"NB_NS",1,"North",27,0,NA,18354,74,0,25,0,2,0,0
"158","05/02/18 02:00",1083,2,"NB_MID",1,"North",28,0,NA,16141,0,0,27,1,0,0,0
"159","05/02/18 02:00",1083,3,"NB_OS",1,"North",8,0,NA,15694,250,0,6,0,2,0,0
"160","05/02/18 02:00",1083,4,"SB_OS",2,"South",9,0,NA,14599,0,3,6,0,0,0,0
"161","05/02/18 02:00",1083,5,"SB_MID",2,"South",28,0,NA,16756,0,2,26,0,0,0,0
"162","05/02/18 02:00",1083,6,"SB_NS",2,"South",35,0,NA,16087,143,0,30,0,5,0,0
"163","05/02/18 03:00",1083,1,"NB_NS",1,"North",27,0,NA,17346,0,1,26,0,0,0,0
"164","05/02/18 03:00",1083,2,"NB_MID",1,"North",28,0,NA,17054,71,0,26,0,2,0,0
"165","05/02/18 03:00",1083,3,"NB_OS",1,"North",8,0,NA,15764,125,0,7,0,1,0,0
"166","05/02/18 03:00",1083,4,"SB_OS",2,"South",12,0,NA,17315,167,1,9,0,2,0,0
"167","05/02/18 03:00",1083,5,"SB_MID",2,"South",44,0,NA,16780,68,1,40,0,3,0,0
"168","05/02/18 03:00",1083,6,"SB_NS",2,"South",37,0,NA,17072,81,0,34,0,3,0,0
"169","05/02/18 04:00",1083,1,"NB_NS",1,"North",44,0,NA,15758,45,0,42,0,2,0,0
"170","05/02/18 04:00",1083,2,"NB_MID",1,"North",65,0,NA,16795,15,0,63,1,1,0,0
"171","05/02/18 04:00",1083,3,"NB_OS",1,"North",22,0,NA,16919,91,0,20,0,2,0,0
"172","05/02/18 04:00",1083,4,"SB_OS",2,"South",10,0,NA,18722,100,0,9,0,1,0,0
"173","05/02/18 04:00",1083,5,"SB_MID",2,"South",45,0,NA,17617,67,0,42,0,3,0,0
"174","05/02/18 04:00",1083,6,"SB_NS",2,"South",68,0,NA,17688,74,1,62,0,3,2,0
"175","05/02/18 05:00",1083,1,"NB_NS",1,"North",177,0,NA,16012,23,7,164,0,4,0,2
"176","05/02/18 05:00",1083,2,"NB_MID",1,"North",139,0,NA,16739,50,0,130,1,5,2,1
"177","05/02/18 05:00",1083,3,"NB_OS",1,"North",58,0,NA,17601,0,0,58,0,0,0,0
"178","05/02/18 05:00",1083,4,"SB_OS",2,"South",58,0,NA,17907,0,1,57,0,0,0,0
"179","05/02/18 05:00",1083,5,"SB_MID",2,"South",94,0,NA,17187,32,5,86,0,3,0,0
"180","05/02/18 05:00",1083,6,"SB_NS",2,"South",139,0,NA,16671,43,2,131,0,5,1,0
"181","05/02/18 06:00",1083,1,"NB_NS",1,"North",326,0,NA,15088,43,3,298,1,14,0,10
"182","05/02/18 06:00",1083,2,"NB_MID",1,"North",483,0,NA,15197,35,3,461,2,14,3,0
"183","05/02/18 06:00",1083,3,"NB_OS",1,"North",421,0,NA,15983,19,1,411,1,8,0,0
"184","05/02/18 06:00",1083,4,"SB_OS",2,"South",223,0,NA,17154,9,10,210,0,2,0,1
"185","05/02/18 06:00",1083,5,"SB_MID",2,"South",252,0,NA,17114,48,5,235,0,12,0,0
"186","05/02/18 06:00",1083,6,"SB_NS",2,"South",373,0,NA,16611,46,2,351,0,16,1,3
"187","05/02/18 07:00",1083,1,"NB_NS",1,"North",823,0,NA,10961,27,7,780,1,20,2,13
"188","05/02/18 07:00",1083,2,"NB_MID",1,"North",1114,0,NA,8917,27,5,1077,0,28,2,1
"189","05/02/18 07:00",1083,3,"NB_OS",1,"North",1193,0,NA,9328,24,0,1158,0,26,3,5
"190","05/02/18 07:00",1083,4,"SB_OS",2,"South",535,0,NA,15433,11,17,512,0,5,1,0
"191","05/02/18 07:00",1083,5,"SB_MID",2,"South",512,0,NA,15129,29,12,484,1,15,0,0
"192","05/02/18 07:00",1083,6,"SB_NS",2,"South",927,0,NA,14545,29,5,880,3,22,5,12
"193","05/02/18 08:00",1083,1,"NB_NS",1,"North",768,0,NA,6526,47,5,720,0,33,3,7
"194","05/02/18 08:00",1083,2,"NB_MID",1,"North",934,0,NA,5909,41,7,884,1,36,2,4
"195","05/02/18 08:00",1083,3,"NB_OS",1,"North",908,0,NA,6460,22,5,878,3,18,2,2
"196","05/02/18 08:00",1083,4,"SB_OS",2,"South",541,0,NA,15748,24,13,513,2,12,1,0
"197","05/02/18 08:00",1083,5,"SB_MID",2,"South",527,0,NA,15306,27,9,503,0,14,0,1
"198","05/02/18 08:00",1083,6,"SB_NS",2,"South",1043,0,NA,14352,38,4,987,2,35,5,10
"199","05/02/18 09:00",1083,1,"NB_NS",1,"North",664,0,NA,9949,51,2,616,2,32,2,10
"200","05/02/18 09:00",1083,2,"NB_MID",1,"North",854,0,NA,9478,41,11,803,0,32,3,4
"201","05/02/18 09:00",1083,3,"NB_OS",1,"North",913,0,NA,9874,41,4,871,0,34,3,1
"202","05/02/18 09:00",1083,4,"SB_OS",2,"South",429,0,NA,16696,35,9,404,1,14,1,0
"203","05/02/18 09:00",1083,5,"SB_MID",2,"South",470,0,NA,15908,34,14,439,1,15,1,0
"204","05/02/18 09:00",1083,6,"SB_NS",2,"South",671,0,NA,15019,76,3,607,0,46,5,10
"205","05/02/18 10:00",1083,1,"NB_NS",1,"North",561,0,NA,13551,50,4,519,0,26,2,10
"206","05/02/18 10:00",1083,2,"NB_MID",1,"North",598,0,NA,14692,74,9,542,1,41,3,2
"207","05/02/18 10:00",1083,3,"NB_OS",1,"North",507,0,NA,15386,30,3,489,0,15,0,0
"208","05/02/18 10:00",1083,4,"SB_OS",2,"South",376,0,NA,16488,21,5,363,0,6,2,0
"209","05/02/18 10:00",1083,5,"SB_MID",2,"South",465,0,NA,15928,52,22,418,0,23,1,1
"210","05/02/18 10:00",1083,6,"SB_NS",2,"South",593,0,NA,15106,69,6,529,6,40,1,11
"211","05/02/18 11:00",1083,1,"NB_NS",1,"North",582,0,NA,13345,65,4,531,1,33,5,7
"212","05/02/18 11:00",1083,2,"NB_MID",1,"North",580,0,NA,14716,72,5,532,0,41,1,1
"213","05/02/18 11:00",1083,3,"NB_OS",1,"North",497,0,NA,15352,32,6,475,0,16,0,0
"214","05/02/18 11:00",1083,4,"SB_OS",2,"South",437,0,NA,16034,18,10,416,3,8,0,0
"215","05/02/18 11:00",1083,5,"SB_MID",2,"South",527,0,NA,15814,53,11,487,1,26,2,0
"216","05/02/18 11:00",1083,6,"SB_NS",2,"South",633,0,NA,14849,77,4,572,1,46,3,7
"217","05/02/18 12:00",1083,1,"NB_NS",1,"North",580,0,NA,13825,53,5,532,3,30,1,9
"218","05/02/18 12:00",1083,2,"NB_MID",1,"North",588,0,NA,14638,51,11,540,4,28,2,3
"219","05/02/18 12:00",1083,3,"NB_OS",1,"North",523,0,NA,15667,38,5,496,2,20,0,0
"220","05/02/18 12:00",1083,4,"SB_OS",2,"South",474,0,NA,16295,19,16,445,4,7,2,0
"221","05/02/18 12:00",1083,5,"SB_MID",2,"South",586,0,NA,16057,32,22,542,3,17,2,0
"222","05/02/18 12:00",1083,6,"SB_NS",2,"South",697,0,NA,14648,53,7,639,2,30,7,12
"223","05/02/18 13:00",1083,1,"NB_NS",1,"North",580,0,NA,13674,57,8,529,1,31,2,9
"224","05/02/18 13:00",1083,2,"NB_MID",1,"North",602,0,NA,14434,51,8,560,2,26,5,1
"225","05/02/18 13:00",1083,3,"NB_OS",1,"North",489,0,NA,15500,37,3,466,1,18,0,1
"226","05/02/18 13:00",1083,4,"SB_OS",2,"South",491,0,NA,16111,18,16,464,2,6,3,0
"227","05/02/18 13:00",1083,5,"SB_MID",2,"South",578,0,NA,15607,36,21,534,2,19,2,0
"228","05/02/18 13:00",1083,6,"SB_NS",2,"South",715,0,NA,14903,62,5,655,1,41,3,10
"229","05/02/18 14:00",1083,1,"NB_NS",1,"North",570,0,NA,13500,79,4,513,0,39,6,8
"230","05/02/18 14:00",1083,2,"NB_MID",1,"North",538,0,NA,14797,56,3,503,2,28,2,0
"231","05/02/18 14:00",1083,3,"NB_OS",1,"North",498,0,NA,15367,52,1,471,0,26,0,0
"232","05/02/18 14:00",1083,4,"SB_OS",2,"South",590,0,NA,16158,22,17,557,3,12,1,0
"233","05/02/18 14:00",1083,5,"SB_MID",2,"South",635,0,NA,15559,30,17,596,3,18,1,0
"234","05/02/18 14:00",1083,6,"SB_NS",2,"South",798,0,NA,14701,64,3,731,3,46,5,10
"235","05/02/18 15:00",1083,1,"NB_NS",1,"North",711,0,NA,12940,48,5,658,2,32,2,12
"236","05/02/18 15:00",1083,2,"NB_MID",1,"North",561,0,NA,14461,57,4,519,1,29,3,5
"237","05/02/18 15:00",1083,3,"NB_OS",1,"North",525,0,NA,14985,46,3,495,2,24,0,1
"238","05/02/18 15:00",1083,4,"SB_OS",2,"South",734,0,NA,15145,15,21,698,3,10,1,1
"239","05/02/18 15:00",1083,5,"SB_MID",2,"South",702,0,NA,14269,26,19,664,0,18,0,1
"240","05/02/18 15:00",1083,6,"SB_NS",2,"South",1030,0,NA,13545,40,10,970,0,38,3,9
"241","05/02/18 16:00",1083,1,"NB_NS",1,"North",902,0,NA,11805,35,2,856,3,30,2,9
"242","05/02/18 16:00",1083,2,"NB_MID",1,"North",669,0,NA,13812,42,3,634,2,26,2,2
"243","05/02/18 16:00",1083,3,"NB_OS",1,"North",731,0,NA,14033,22,4,708,3,16,0,0
"244","05/02/18 16:00",1083,4,"SB_OS",2,"South",813,0,NA,14682,10,17,786,1,7,1,1
"245","05/02/18 16:00",1083,5,"SB_MID",2,"South",801,0,NA,12782,11,23,768,1,9,0,0
"246","05/02/18 16:00",1083,6,"SB_NS",2,"South",1402,0,NA,11051,24,8,1351,1,27,6,9
"247","05/02/18 17:00",1083,1,"NB_NS",1,"North",948,0,NA,11796,23,4,913,1,22,0,8
"248","05/02/18 17:00",1083,2,"NB_MID",1,"North",761,0,NA,13139,21,7,737,1,15,1,0
"249","05/02/18 17:00",1083,3,"NB_OS",1,"North",794,0,NA,13765,8,2,783,1,6,0,2
"250","05/02/18 17:00",1083,4,"SB_OS",2,"South",705,0,NA,14540,11,12,684,1,7,1,0
"251","05/02/18 17:00",1083,5,"SB_MID",2,"South",792,0,NA,13202,6,13,774,0,5,0,0
"252","05/02/18 17:00",1083,6,"SB_NS",2,"South",1258,0,NA,11587,16,4,1225,0,13,7,9
"253","05/02/18 18:00",1083,1,"NB_NS",1,"North",595,0,NA,13280,24,6,568,0,14,0,7
"254","05/02/18 18:00",1083,2,"NB_MID",1,"North",596,0,NA,14087,17,5,580,1,9,1,0
"255","05/02/18 18:00",1083,3,"NB_OS",1,"North",607,0,NA,14717,10,1,600,0,6,0,0
"256","05/02/18 18:00",1083,4,"SB_OS",2,"South",586,0,NA,15542,7,19,563,0,3,1,0
"257","05/02/18 18:00",1083,5,"SB_MID",2,"South",663,0,NA,14471,5,11,648,0,2,1,1
"258","05/02/18 18:00",1083,6,"SB_NS",2,"South",958,0,NA,13479,13,6,930,0,11,1,10
"259","05/02/18 19:00",1083,1,"NB_NS",1,"North",366,0,NA,14574,16,1,353,0,6,0,6
"260","05/02/18 19:00",1083,2,"NB_MID",1,"North",426,0,NA,15489,23,5,411,0,9,1,0
"261","05/02/18 19:00",1083,3,"NB_OS",1,"North",388,0,NA,15654,10,0,384,0,4,0,0
"262","05/02/18 19:00",1083,4,"SB_OS",2,"South",350,0,NA,16986,3,10,339,0,1,0,0
"263","05/02/18 19:00",1083,5,"SB_MID",2,"South",475,0,NA,15989,4,10,462,1,2,0,0
"264","05/02/18 19:00",1083,6,"SB_NS",2,"South",615,0,NA,15227,8,3,599,0,4,1,8
"265","05/02/18 20:00",1083,1,"NB_NS",1,"North",325,0,NA,15037,31,5,308,0,9,1,2
"266","05/02/18 20:00",1083,2,"NB_MID",1,"North",295,0,NA,15733,14,2,287,1,4,0,1
"267","05/02/18 20:00",1083,3,"NB_OS",1,"North",236,0,NA,16557,8,0,234,0,2,0,0
"268","05/02/18 20:00",1083,4,"SB_OS",2,"South",270,0,NA,17184,11,6,261,0,2,1,0
"269","05/02/18 20:00",1083,5,"SB_MID",2,"South",360,0,NA,16644,14,12,342,0,5,0,1
"270","05/02/18 20:00",1083,6,"SB_NS",2,"South",447,0,NA,16004,16,3,433,0,5,2,4
"271","05/02/18 21:00",1083,1,"NB_NS",1,"North",207,0,NA,15279,29,0,197,0,6,0,4
"272","05/02/18 21:00",1083,2,"NB_MID",1,"North",206,0,NA,16262,10,3,201,0,2,0,0
"273","05/02/18 21:00",1083,3,"NB_OS",1,"North",141,0,NA,16359,0,0,141,0,0,0,0
"274","05/02/18 21:00",1083,4,"SB_OS",2,"South",161,0,NA,17465,0,5,156,0,0,0,0
"275","05/02/18 21:00",1083,5,"SB_MID",2,"South",250,0,NA,16939,12,7,240,0,2,1,0
"276","05/02/18 21:00",1083,6,"SB_NS",2,"South",275,0,NA,16181,15,3,265,0,4,0,3
"277","05/02/18 22:00",1083,1,"NB_NS",1,"North",142,0,NA,15826,35,1,133,0,5,0,3
"278","05/02/18 22:00",1083,2,"NB_MID",1,"North",165,0,NA,16350,12,2,161,0,2,0,0
"279","05/02/18 22:00",1083,3,"NB_OS",1,"North",69,0,NA,16711,14,1,67,0,1,0,0
"280","05/02/18 22:00",1083,4,"SB_OS",2,"South",99,0,NA,17898,40,3,92,0,3,1,0
"281","05/02/18 22:00",1083,5,"SB_MID",2,"South",196,0,NA,16674,20,7,185,0,4,0,0
"282","05/02/18 22:00",1083,6,"SB_NS",2,"South",197,0,NA,16145,25,0,188,0,4,1,4
"283","05/02/18 23:00",1083,1,"NB_NS",1,"North",68,0,NA,16475,88,2,57,1,6,0,2
"284","05/02/18 23:00",1083,2,"NB_MID",1,"North",104,0,NA,16806,19,0,102,0,2,0,0
"285","05/02/18 23:00",1083,3,"NB_OS",1,"North",47,0,NA,16489,0,0,47,0,0,0,0
"286","05/02/18 23:00",1083,4,"SB_OS",2,"South",44,0,NA,18081,0,1,43,0,0,0,0
"287","05/02/18 23:00",1083,5,"SB_MID",2,"South",136,0,NA,17081,51,5,124,0,7,0,0
"288","05/02/18 23:00",1083,6,"SB_NS",2,"South",131,0,NA,16302,69,1,116,0,6,3,5
"289","07/02/18 00:00",1083,1,"NB_NS",1,"North",34,0,NA,16201,88,0,31,0,3,0,0
"290","07/02/18 00:00",1083,2,"NB_MID",1,"North",84,0,NA,16564,24,0,82,0,1,1,0
"291","07/02/18 00:00",1083,3,"NB_OS",1,"North",20,0,NA,17306,0,0,20,0,0,0,0
"292","07/02/18 00:00",1083,4,"SB_OS",2,"South",22,0,NA,17008,0,3,19,0,0,0,0
"293","07/02/18 00:00",1083,5,"SB_MID",2,"South",70,0,NA,17488,29,3,65,0,2,0,0
"294","07/02/18 00:00",1083,6,"SB_NS",2,"South",105,0,NA,16362,143,2,87,0,11,4,1
"295","07/02/18 01:00",1083,1,"NB_NS",1,"North",27,0,NA,16060,74,0,25,0,2,0,0
"296","07/02/18 01:00",1083,2,"NB_MID",1,"North",43,0,NA,16770,140,0,37,0,5,1,0
"297","07/02/18 01:00",1083,3,"NB_OS",1,"North",8,0,NA,16632,0,0,8,0,0,0,0
"298","07/02/18 01:00",1083,4,"SB_OS",2,"South",13,0,NA,16603,0,0,13,0,0,0,0
"299","07/02/18 01:00",1083,5,"SB_MID",2,"South",44,0,NA,17228,68,2,39,0,3,0,0
"300","07/02/18 01:00",1083,6,"SB_NS",2,"South",38,0,NA,16513,0,1,37,0,0,0,0
"301","07/02/18 02:00",1083,1,"NB_NS",1,"North",24,0,NA,16667,42,0,22,1,1,0,0
"302","07/02/18 02:00",1083,2,"NB_MID",1,"North",24,0,NA,18194,167,0,20,0,3,1,0
"303","07/02/18 02:00",1083,3,"NB_OS",1,"North",8,0,NA,16875,0,0,8,0,0,0,0
"304","07/02/18 02:00",1083,4,"SB_OS",2,"South",7,0,NA,16865,0,1,6,0,0,0,0
"305","07/02/18 02:00",1083,5,"SB_MID",2,"South",27,0,NA,17922,111,0,24,0,3,0,0
"306","07/02/18 02:00",1083,6,"SB_NS",2,"South",42,0,NA,16085,95,1,37,0,4,0,0
"307","07/02/18 03:00",1083,1,"NB_NS",1,"North",31,0,NA,16801,65,1,28,0,2,0,0
"308","07/02/18 03:00",1083,2,"NB_MID",1,"North",20,0,NA,16903,0,0,20,0,0,0,0
"309","07/02/18 03:00",1083,3,"NB_OS",1,"North",7,0,NA,19008,143,0,6,0,1,0,0
"310","07/02/18 03:00",1083,4,"SB_OS",2,"South",16,0,NA,17656,0,0,16,0,0,0,0
"311","07/02/18 03:00",1083,5,"SB_MID",2,"South",38,0,NA,17719,53,0,36,0,2,0,0
"312","07/02/18 03:00",1083,6,"SB_NS",2,"South",40,0,NA,17778,50,0,38,0,2,0,0
"313","07/02/18 04:00",1083,1,"NB_NS",1,"North",24,0,NA,15880,42,0,23,0,1,0,0
"314","07/02/18 04:00",1083,2,"NB_MID",1,"North",54,0,NA,16127,74,0,49,1,3,1,0
"315","07/02/18 04:00",1083,3,"NB_OS",1,"North",19,0,NA,16023,53,0,18,0,1,0,0
"316","07/02/18 04:00",1083,4,"SB_OS",2,"South",11,0,NA,16717,91,0,10,0,0,1,0
"317","07/02/18 04:00",1083,5,"SB_MID",2,"South",51,0,NA,16727,39,1,47,1,2,0,0
"318","07/02/18 04:00",1083,6,"SB_NS",2,"South",62,0,NA,16895,65,0,58,0,3,1,0
"319","07/02/18 05:00",1083,1,"NB_NS",1,"North",154,0,NA,15449,39,3,141,1,4,2,3
"320","07/02/18 05:00",1083,2,"NB_MID",1,"North",149,0,NA,16779,27,2,143,0,2,2,0
"321","07/02/18 05:00",1083,3,"NB_OS",1,"North",60,0,NA,18218,17,2,57,0,1,0,0
"322","07/02/18 05:00",1083,4,"SB_OS",2,"South",61,0,NA,18069,0,5,53,0,0,0,3
"323","07/02/18 05:00",1083,5,"SB_MID",2,"South",95,0,NA,17977,42,4,87,0,4,0,0
"324","07/02/18 05:00",1083,6,"SB_NS",2,"South",138,0,NA,17232,65,4,125,0,8,1,0
"325","07/02/18 06:00",1083,1,"NB_NS",1,"North",336,0,NA,14438,51,4,306,0,15,2,9
"326","07/02/18 06:00",1083,2,"NB_MID",1,"North",422,0,NA,14884,26,4,407,0,7,4,0
"327","07/02/18 06:00",1083,3,"NB_OS",1,"North",397,0,NA,15805,18,1,389,0,7,0,0
"328","07/02/18 06:00",1083,4,"SB_OS",2,"South",191,0,NA,17016,26,8,178,0,4,1,0
"329","07/02/18 06:00",1083,5,"SB_MID",2,"South",273,0,NA,17171,18,14,253,0,4,1,1
"330","07/02/18 06:00",1083,6,"SB_NS",2,"South",362,0,NA,16512,72,6,324,2,22,4,4
"331","07/02/18 07:00",1083,1,"NB_NS",1,"North",803,0,NA,11207,30,6,760,0,22,2,13
"332","07/02/18 07:00",1083,2,"NB_MID",1,"North",1034,0,NA,9062,25,6,1001,0,22,4,1
"333","07/02/18 07:00",1083,3,"NB_OS",1,"North",1119,0,NA,9154,30,4,1075,0,31,3,6
"334","07/02/18 07:00",1083,4,"SB_OS",2,"South",564,0,NA,15511,16,19,536,0,9,0,0
"335","07/02/18 07:00",1083,5,"SB_MID",2,"South",610,0,NA,15155,25,23,572,0,15,0,0
"336","07/02/18 07:00",1083,6,"SB_NS",2,"South",911,0,NA,14391,34,5,864,1,27,4,10
"337","07/02/18 08:00",1083,1,"NB_NS",1,"North",940,0,NA,8027,32,1,900,0,25,5,9
"338","07/02/18 08:00",1083,2,"NB_MID",1,"North",854,0,NA,6367,55,14,786,0,42,5,7
"339","07/02/18 08:00",1083,3,"NB_OS",1,"North",874,0,NA,6705,41,5,820,0,29,7,11
"340","07/02/18 08:00",1083,4,"SB_OS",2,"South",571,0,NA,15131,14,15,548,0,7,1,0
"341","07/02/18 08:00",1083,5,"SB_MID",2,"South",586,0,NA,14675,36,22,543,0,20,1,0
"342","07/02/18 08:00",1083,6,"SB_NS",2,"South",1022,0,NA,13620,39,8,966,0,35,5,8
"343","07/02/18 09:00",1083,1,"NB_NS",1,"North",733,0,NA,10687,52,8,671,4,34,4,12
"344","07/02/18 09:00",1083,2,"NB_MID",1,"North",886,0,NA,10485,40,1,846,3,31,4,1
"345","07/02/18 09:00",1083,3,"NB_OS",1,"North",919,0,NA,11191,29,2,887,0,27,0,3
"346","07/02/18 09:00",1083,4,"SB_OS",2,"South",448,0,NA,15784,16,18,421,2,7,0,0
"347","07/02/18 09:00",1083,5,"SB_MID",2,"South",577,0,NA,15392,47,15,534,0,23,4,1
"348","07/02/18 09:00",1083,6,"SB_NS",2,"South",672,0,NA,14778,64,4,615,2,40,3,8
"349","07/02/18 10:00",1083,1,"NB_NS",1,"North",555,0,NA,13733,67,4,498,6,37,0,10
"350","07/02/18 10:00",1083,2,"NB_MID",1,"North",694,0,NA,14637,56,3,649,2,38,1,1
"351","07/02/18 10:00",1083,3,"NB_OS",1,"North",518,0,NA,15542,44,2,492,1,23,0,0
"352","07/02/18 10:00",1083,4,"SB_OS",2,"South",375,0,NA,16169,16,10,358,1,6,0,0
"353","07/02/18 10:00",1083,5,"SB_MID",2,"South",459,0,NA,16072,39,13,425,3,15,3,0
"354","07/02/18 10:00",1083,6,"SB_NS",2,"South",561,0,NA,15102,73,3,508,0,40,1,9
"355","07/02/18 11:00",1083,1,"NB_NS",1,"North",586,0,NA,13865,44,9,535,6,25,1,10
"356","07/02/18 11:00",1083,2,"NB_MID",1,"North",636,0,NA,14518,66,3,589,1,39,3,1
"357","07/02/18 11:00",1083,3,"NB_OS",1,"North",485,0,NA,15394,37,1,464,1,18,0,1
"358","07/02/18 11:00",1083,4,"SB_OS",2,"South",437,0,NA,16296,43,10,404,3,19,0,1
"359","07/02/18 11:00",1083,5,"SB_MID",2,"South",498,0,NA,15933,52,13,457,2,25,1,0
"360","07/02/18 11:00",1083,6,"SB_NS",2,"South",647,0,NA,14755,79,5,576,2,47,4,13
"361","07/02/18 12:00",1083,1,"NB_NS",1,"North",604,0,NA,13746,68,6,547,3,39,2,7
"362","07/02/18 12:00",1083,2,"NB_MID",1,"North",647,0,NA,14886,37,8,614,1,23,1,0
"363","07/02/18 12:00",1083,3,"NB_OS",1,"North",523,0,NA,15660,38,1,502,0,19,1,0
"364","07/02/18 12:00",1083,4,"SB_OS",2,"South",471,0,NA,15763,30,11,446,0,12,2,0
"365","07/02/18 12:00",1083,5,"SB_MID",2,"South",582,0,NA,15421,29,17,547,1,17,0,0
"366","07/02/18 12:00",1083,6,"SB_NS",2,"South",733,0,NA,14421,53,6,677,1,37,2,10
"367","07/02/18 13:00",1083,1,"NB_NS",1,"North",603,0,NA,13587,50,9,553,0,27,3,11
"368","07/02/18 13:00",1083,2,"NB_MID",1,"North",592,0,NA,15069,56,8,548,2,30,3,1
"369","07/02/18 13:00",1083,3,"NB_OS",1,"North",515,0,NA,15482,43,3,490,0,22,0,0
"370","07/02/18 13:00",1083,4,"SB_OS",2,"South",481,0,NA,15829,35,11,452,1,16,1,0
"371","07/02/18 13:00",1083,5,"SB_MID",2,"South",625,0,NA,15524,43,10,588,0,24,3,0
"372","07/02/18 13:00",1083,6,"SB_NS",2,"South",699,0,NA,14659,60,8,639,1,37,5,9
"373","07/02/18 14:00",1083,1,"NB_NS",1,"North",631,0,NA,13725,60,9,574,1,37,1,9
"374","07/02/18 14:00",1083,2,"NB_MID",1,"North",561,0,NA,14786,55,12,517,1,31,0,0
"375","07/02/18 14:00",1083,3,"NB_OS",1,"North",500,0,NA,15415,42,3,476,0,20,1,0
"376","07/02/18 14:00",1083,4,"SB_OS",2,"South",595,0,NA,15774,18,13,571,0,10,1,0
"377","07/02/18 14:00",1083,5,"SB_MID",2,"South",644,0,NA,15355,34,17,604,1,22,0,0
"378","07/02/18 14:00",1083,6,"SB_NS",2,"South",856,0,NA,14489,47,7,798,2,40,0,9
"379","07/02/18 15:00",1083,1,"NB_NS",1,"North",702,0,NA,13407,57,6,641,4,40,0,11
"380","07/02/18 15:00",1083,2,"NB_MID",1,"North",600,0,NA,14861,53,8,555,3,29,3,2
"381","07/02/18 15:00",1083,3,"NB_OS",1,"North",578,0,NA,15209,19,1,564,1,11,0,1
"382","07/02/18 15:00",1083,4,"SB_OS",2,"South",691,0,NA,15246,16,19,660,0,10,1,1
"383","07/02/18 15:00",1083,5,"SB_MID",2,"South",787,0,NA,14200,34,16,744,0,27,0,0
"384","07/02/18 15:00",1083,6,"SB_NS",2,"South",1126,0,NA,13181,43,5,1064,1,43,5,8
"385","07/02/18 16:00",1083,1,"NB_NS",1,"North",952,0,NA,11505,40,11,890,4,36,2,9
"386","07/02/18 16:00",1083,2,"NB_MID",1,"North",718,0,NA,13390,39,6,683,0,28,0,1
"387","07/02/18 16:00",1083,3,"NB_OS",1,"North",783,0,NA,14238,24,2,761,0,18,1,1
"388","07/02/18 16:00",1083,4,"SB_OS",2,"South",778,0,NA,15182,14,11,754,2,11,0,0
"389","07/02/18 16:00",1083,5,"SB_MID",2,"South",783,0,NA,13432,17,15,753,1,12,1,1
"390","07/02/18 16:00",1083,6,"SB_NS",2,"South",1442,0,NA,11538,20,10,1393,1,23,6,9
"391","07/02/18 17:00",1083,1,"NB_NS",1,"North",1011,0,NA,11467,25,4,972,1,21,4,9
"392","07/02/18 17:00",1083,2,"NB_MID",1,"North",805,0,NA,13225,17,8,782,0,14,0,1
"393","07/02/18 17:00",1083,3,"NB_OS",1,"North",884,0,NA,13402,14,2,870,0,11,1,0
"394","07/02/18 17:00",1083,4,"SB_OS",2,"South",801,0,NA,14522,4,17,778,1,2,1,2
"395","07/02/18 17:00",1083,5,"SB_MID",2,"South",772,0,NA,13283,13,18,743,1,9,1,0
"396","07/02/18 17:00",1083,6,"SB_NS",2,"South",1320,0,NA,11691,20,7,1277,2,21,5,8
"397","07/02/18 18:00",1083,1,"NB_NS",1,"North",719,0,NA,12857,28,0,690,1,16,4,8
"398","07/02/18 18:00",1083,2,"NB_MID",1,"North",613,0,NA,13870,20,3,597,0,12,0,1
"399","07/02/18 18:00",1083,3,"NB_OS",1,"North",714,0,NA,14181,1,2,710,1,1,0,0
"400","07/02/18 18:00",1083,4,"SB_OS",2,"South",604,0,NA,15117,3,12,590,0,2,0,0
"401","07/02/18 18:00",1083,5,"SB_MID",2,"South",659,0,NA,14109,5,15,641,0,2,1,0
"402","07/02/18 18:00",1083,6,"SB_NS",2,"South",1056,0,NA,12836,13,3,1028,0,12,2,11
"403","07/02/18 19:00",1083,1,"NB_NS",1,"North",425,0,NA,14480,16,1,410,1,5,2,6
"404","07/02/18 19:00",1083,2,"NB_MID",1,"North",448,0,NA,15195,7,3,442,0,2,1,0
"405","07/02/18 19:00",1083,3,"NB_OS",1,"North",372,0,NA,15464,5,1,368,1,2,0,0
"406","07/02/18 19:00",1083,4,"SB_OS",2,"South",387,0,NA,16525,8,15,368,0,3,0,1
"407","07/02/18 19:00",1083,5,"SB_MID",2,"South",539,0,NA,15694,7,15,520,0,4,0,0
"408","07/02/18 19:00",1083,6,"SB_NS",2,"South",641,0,NA,14920,16,6,616,0,9,1,9
"409","07/02/18 20:00",1083,1,"NB_NS",1,"North",325,0,NA,15048,6,1,318,0,2,0,4
"410","07/02/18 20:00",1083,2,"NB_MID",1,"North",365,0,NA,15785,11,3,357,1,3,1,0
"411","07/02/18 20:00",1083,3,"NB_OS",1,"North",265,0,NA,16422,19,0,260,0,5,0,0
"412","07/02/18 20:00",1083,4,"SB_OS",2,"South",253,0,NA,17070,8,11,239,0,2,0,1
"413","07/02/18 20:00",1083,5,"SB_MID",2,"South",366,0,NA,16877,3,15,350,0,0,1,0
"414","07/02/18 20:00",1083,6,"SB_NS",2,"South",484,0,NA,15838,14,4,469,0,5,2,4
"415","07/02/18 21:00",1083,1,"NB_NS",1,"North",219,0,NA,15252,18,3,207,1,3,1,4
"416","07/02/18 21:00",1083,2,"NB_MID",1,"North",241,0,NA,16083,8,1,238,0,2,0,0
"417","07/02/18 21:00",1083,3,"NB_OS",1,"North",173,0,NA,16061,12,1,170,0,2,0,0
"418","07/02/18 21:00",1083,4,"SB_OS",2,"South",181,0,NA,17268,6,9,171,0,1,0,0
"419","07/02/18 21:00",1083,5,"SB_MID",2,"South",293,0,NA,16635,7,8,282,1,1,1,0
"420","07/02/18 21:00",1083,6,"SB_NS",2,"South",355,0,NA,15725,8,6,341,0,1,2,5
"421","07/02/18 22:00",1083,1,"NB_NS",1,"North",169,0,NA,15549,47,1,156,0,8,0,4
"422","07/02/18 22:00",1083,2,"NB_MID",1,"North",189,0,NA,16405,26,0,183,1,5,0,0
"423","07/02/18 22:00",1083,3,"NB_OS",1,"North",113,0,NA,17040,9,0,112,0,1,0,0
"424","07/02/18 22:00",1083,4,"SB_OS",2,"South",120,0,NA,17222,17,2,116,0,2,0,0
"425","07/02/18 22:00",1083,5,"SB_MID",2,"South",225,0,NA,16563,13,6,216,0,3,0,0
"426","07/02/18 22:00",1083,6,"SB_NS",2,"South",236,0,NA,15992,25,1,225,0,5,1,4
"427","07/02/18 23:00",1083,1,"NB_NS",1,"North",92,0,NA,14925,22,1,87,0,2,0,2
"428","07/02/18 23:00",1083,2,"NB_MID",1,"North",122,0,NA,17070,33,0,117,0,1,3,1
"429","07/02/18 23:00",1083,3,"NB_OS",1,"North",36,0,NA,16759,0,0,36,0,0,0,0
"430","07/02/18 23:00",1083,4,"SB_OS",2,"South",70,0,NA,17496,0,5,65,0,0,0,0
"431","07/02/18 23:00",1083,5,"SB_MID",2,"South",140,0,NA,18157,21,6,131,0,2,1,0
"432","07/02/18 23:00",1083,6,"SB_NS",2,"South",156,0,NA,16814,51,0,142,1,5,3,5
"433","11/02/18 00:00",1083,1,"NB_NS",1,"North",99,0,NA,15348,0,3,96,0,0,0,0
"434","11/02/18 00:00",1083,2,"NB_MID",1,"North",192,0,NA,16314,5,0,191,0,1,0,0
"435","11/02/18 00:00",1083,3,"NB_OS",1,"North",64,0,NA,17517,47,0,61,0,3,0,0
"436","11/02/18 00:00",1083,4,"SB_OS",2,"South",67,0,NA,17110,0,2,65,0,0,0,0
"437","11/02/18 00:00",1083,5,"SB_MID",2,"South",196,0,NA,16969,0,5,191,0,0,0,0
"438","11/02/18 00:00",1083,6,"SB_NS",2,"South",216,0,NA,16071,19,3,207,1,4,0,1
"439","11/02/18 01:00",1083,1,"NB_NS",1,"North",82,0,NA,16054,12,1,78,0,1,0,2
"440","11/02/18 01:00",1083,2,"NB_MID",1,"North",156,0,NA,16435,6,0,155,0,1,0,0
"441","11/02/18 01:00",1083,3,"NB_OS",1,"North",42,0,NA,17388,0,0,42,0,0,0,0
"442","11/02/18 01:00",1083,4,"SB_OS",2,"South",36,0,NA,18843,0,4,32,0,0,0,0
"443","11/02/18 01:00",1083,5,"SB_MID",2,"South",174,0,NA,17998,11,2,170,0,2,0,0
"444","11/02/18 01:00",1083,6,"SB_NS",2,"South",155,0,NA,16889,13,0,151,0,2,0,2
"445","11/02/18 02:00",1083,1,"NB_NS",1,"North",56,0,NA,16543,18,1,53,0,1,0,1
"446","11/02/18 02:00",1083,2,"NB_MID",1,"North",147,0,NA,17245,0,0,147,0,0,0,0
"447","11/02/18 02:00",1083,3,"NB_OS",1,"North",23,0,NA,17633,0,0,23,0,0,0,0
"448","11/02/18 02:00",1083,4,"SB_OS",2,"South",29,0,NA,18745,0,0,29,0,0,0,0
"449","11/02/18 02:00",1083,5,"SB_MID",2,"South",131,0,NA,18310,8,0,130,0,1,0,0
"450","11/02/18 02:00",1083,6,"SB_NS",2,"South",106,0,NA,17047,38,2,98,0,3,1,2
"451","11/02/18 03:00",1083,1,"NB_NS",1,"North",39,0,NA,15563,0,1,38,0,0,0,0
"452","11/02/18 03:00",1083,2,"NB_MID",1,"North",103,0,NA,16955,10,0,102,0,1,0,0
"453","11/02/18 03:00",1083,3,"NB_OS",1,"North",27,0,NA,18652,37,0,26,0,1,0,0
"454","11/02/18 03:00",1083,4,"SB_OS",2,"South",14,0,NA,17202,0,0,14,0,0,0,0
"455","11/02/18 03:00",1083,5,"SB_MID",2,"South",99,0,NA,18541,0,1,98,0,0,0,0
"456","11/02/18 03:00",1083,6,"SB_NS",2,"South",89,0,NA,16951,0,0,88,0,0,0,1
"457","11/02/18 04:00",1083,1,"NB_NS",1,"North",39,0,NA,16987,26,0,38,0,1,0,0
"458","11/02/18 04:00",1083,2,"NB_MID",1,"North",95,0,NA,16576,0,0,95,0,0,0,0
"459","11/02/18 04:00",1083,3,"NB_OS",1,"North",19,0,NA,18056,0,0,19,0,0,0,0
"460","11/02/18 04:00",1083,4,"SB_OS",2,"South",10,0,NA,19111,0,1,9,0,0,0,0
"461","11/02/18 04:00",1083,5,"SB_MID",2,"South",89,0,NA,17924,22,1,86,0,2,0,0
"462","11/02/18 04:00",1083,6,"SB_NS",2,"South",75,0,NA,16744,13,0,74,0,0,1,0
"463","11/02/18 05:00",1083,1,"NB_NS",1,"North",55,0,NA,16253,0,0,55,0,0,0,0
"464","11/02/18 05:00",1083,2,"NB_MID",1,"North",68,0,NA,16385,44,0,65,0,3,0,0
"465","11/02/18 05:00",1083,3,"NB_OS",1,"North",18,0,NA,16435,0,0,18,0,0,0,0
"466","11/02/18 05:00",1083,4,"SB_OS",2,"South",8,0,NA,16632,125,1,6,0,1,0,0
"467","11/02/18 05:00",1083,5,"SB_MID",2,"South",65,0,NA,17932,15,1,62,1,0,1,0
"468","11/02/18 05:00",1083,6,"SB_NS",2,"South",70,0,NA,17623,71,0,65,0,5,0,0
"469","11/02/18 06:00",1083,1,"NB_NS",1,"North",91,0,NA,17015,22,0,89,0,2,0,0
"470","11/02/18 06:00",1083,2,"NB_MID",1,"North",105,0,NA,16119,19,0,103,0,2,0,0
"471","11/02/18 06:00",1083,3,"NB_OS",1,"North",37,0,NA,18018,0,0,37,0,0,0,0
"472","11/02/18 06:00",1083,4,"SB_OS",2,"South",16,0,NA,18542,0,2,14,0,0,0,0
"473","11/02/18 06:00",1083,5,"SB_MID",2,"South",67,0,NA,17401,0,2,65,0,0,0,0
"474","11/02/18 06:00",1083,6,"SB_NS",2,"South",105,0,NA,17042,29,0,102,0,3,0,0
"475","11/02/18 07:00",1083,1,"NB_NS",1,"North",80,0,NA,16132,0,0,80,0,0,0,0
"476","11/02/18 07:00",1083,2,"NB_MID",1,"North",140,0,NA,16480,43,0,133,0,4,2,1
"477","11/02/18 07:00",1083,3,"NB_OS",1,"North",69,0,NA,16296,14,0,68,0,1,0,0
"478","11/02/18 07:00",1083,4,"SB_OS",2,"South",45,0,NA,17049,22,1,42,0,1,0,1
"479","11/02/18 07:00",1083,5,"SB_MID",2,"South",107,0,NA,17111,0,1,106,0,0,0,0
"480","11/02/18 07:00",1083,6,"SB_NS",2,"South",127,0,NA,16818,31,0,123,0,4,0,0
"481","11/02/18 08:00",1083,1,"NB_NS",1,"North",146,0,NA,15261,27,1,138,1,3,1,2
"482","11/02/18 08:00",1083,2,"NB_MID",1,"North",209,0,NA,15837,43,1,199,0,8,1,0
"483","11/02/18 08:00",1083,3,"NB_OS",1,"North",114,0,NA,17293,18,0,112,0,2,0,0
"484","11/02/18 08:00",1083,4,"SB_OS",2,"South",99,0,NA,16818,51,2,92,0,4,1,0
"485","11/02/18 08:00",1083,5,"SB_MID",2,"South",164,0,NA,16977,24,4,155,0,4,0,1
"486","11/02/18 08:00",1083,6,"SB_NS",2,"South",178,0,NA,16532,34,1,170,1,5,1,0
"487","11/02/18 09:00",1083,1,"NB_NS",1,"North",218,0,NA,14576,14,2,207,1,3,0,5
"488","11/02/18 09:00",1083,2,"NB_MID",1,"North",325,0,NA,15197,18,2,313,2,5,1,2
"489","11/02/18 09:00",1083,3,"NB_OS",1,"North",287,0,NA,16864,21,0,281,0,5,1,0
"490","11/02/18 09:00",1083,4,"SB_OS",2,"South",190,0,NA,17037,5,10,179,0,1,0,0
"491","11/02/18 09:00",1083,5,"SB_MID",2,"South",249,0,NA,16432,12,6,240,0,2,1,0
"492","11/02/18 09:00",1083,6,"SB_NS",2,"South",325,0,NA,16055,31,9,301,1,8,2,4
"493","11/02/18 10:00",1083,1,"NB_NS",1,"North",373,0,NA,13937,19,2,360,0,7,0,4
"494","11/02/18 10:00",1083,2,"NB_MID",1,"North",483,0,NA,14754,17,2,472,0,8,0,1
"495","11/02/18 10:00",1083,3,"NB_OS",1,"North",355,0,NA,16155,11,0,351,0,4,0,0
"496","11/02/18 10:00",1083,4,"SB_OS",2,"South",303,0,NA,16582,7,11,289,1,2,0,0
"497","11/02/18 10:00",1083,5,"SB_MID",2,"South",354,0,NA,16402,14,10,338,1,5,0,0
"498","11/02/18 10:00",1083,6,"SB_NS",2,"South",437,0,NA,15842,21,3,420,0,8,1,5
"499","11/02/18 11:00",1083,1,"NB_NS",1,"North",484,0,NA,13934,12,3,469,1,5,1,5
"500","11/02/18 11:00",1083,2,"NB_MID",1,"North",593,0,NA,14809,10,2,584,0,6,0,1
"501","11/02/18 11:00",1083,3,"NB_OS",1,"North",445,0,NA,15291,7,2,440,0,3,0,0
"502","11/02/18 11:00",1083,4,"SB_OS",2,"South",295,0,NA,16721,0,4,291,0,0,0,0
"503","11/02/18 11:00",1083,5,"SB_MID",2,"South",432,0,NA,16305,12,8,418,0,5,0,0
"504","11/02/18 11:00",1083,6,"SB_NS",2,"South",592,0,NA,15494,17,3,574,0,9,1,5
"505","11/02/18 12:00",1083,1,"NB_NS",1,"North",558,0,NA,13907,14,4,539,2,7,1,5
"506","11/02/18 12:00",1083,2,"NB_MID",1,"North",601,0,NA,14816,22,6,582,0,10,3,0
"507","11/02/18 12:00",1083,3,"NB_OS",1,"North",527,0,NA,15435,8,1,521,0,4,0,1
"508","11/02/18 12:00",1083,4,"SB_OS",2,"South",440,0,NA,16111,9,12,422,2,4,0,0
"509","11/02/18 12:00",1083,5,"SB_MID",2,"South",535,0,NA,15600,9,12,518,0,5,0,0
"510","11/02/18 12:00",1083,6,"SB_NS",2,"South",658,0,NA,15296,5,3,647,0,3,0,5
"511","11/02/18 13:00",1083,1,"NB_NS",1,"North",576,0,NA,14010,16,5,556,2,9,0,4
"512","11/02/18 13:00",1083,2,"NB_MID",1,"North",571,0,NA,14430,16,5,556,1,7,2,0
"513","11/02/18 13:00",1083,3,"NB_OS",1,"North",545,0,NA,15281,2,1,543,0,1,0,0
"514","11/02/18 13:00",1083,4,"SB_OS",2,"South",506,0,NA,16131,4,16,487,1,2,0,0
"515","11/02/18 13:00",1083,5,"SB_MID",2,"South",600,0,NA,15988,10,6,587,0,6,0,1
"516","11/02/18 13:00",1083,6,"SB_NS",2,"South",770,0,NA,15246,17,4,748,1,13,0,4
"517","11/02/18 14:00",1083,1,"NB_NS",1,"North",541,0,NA,13831,20,2,522,2,10,1,4
"518","11/02/18 14:00",1083,2,"NB_MID",1,"North",556,0,NA,14743,14,6,541,1,7,1,0
"519","11/02/18 14:00",1083,3,"NB_OS",1,"North",441,0,NA,15727,5,0,439,0,2,0,0
"520","11/02/18 14:00",1083,4,"SB_OS",2,"South",468,0,NA,16493,6,16,448,1,3,0,0
"521","11/02/18 14:00",1083,5,"SB_MID",2,"South",575,0,NA,15873,9,18,551,1,4,1,0
"522","11/02/18 14:00",1083,6,"SB_NS",2,"South",682,0,NA,15108,16,3,662,1,11,0,5
"523","11/02/18 15:00",1083,1,"NB_NS",1,"North",498,0,NA,14380,24,5,474,3,12,0,4
"524","11/02/18 15:00",1083,2,"NB_MID",1,"North",527,0,NA,15239,8,4,517,2,4,0,0
"525","11/02/18 15:00",1083,3,"NB_OS",1,"North",389,0,NA,16118,5,1,386,0,2,0,0
"526","11/02/18 15:00",1083,4,"SB_OS",2,"South",392,0,NA,16693,5,8,382,0,2,0,0
"527","11/02/18 15:00",1083,5,"SB_MID",2,"South",508,0,NA,16161,8,14,490,0,4,0,0
"528","11/02/18 15:00",1083,6,"SB_NS",2,"South",655,0,NA,15793,9,4,638,1,6,0,6
"529","11/02/18 16:00",1083,1,"NB_NS",1,"North",497,0,NA,14066,12,4,481,2,6,0,4
"530","11/02/18 16:00",1083,2,"NB_MID",1,"North",502,0,NA,14936,8,3,495,0,4,0,0
"531","11/02/18 16:00",1083,3,"NB_OS",1,"North",440,0,NA,15466,7,1,435,1,3,0,0
"532","11/02/18 16:00",1083,4,"SB_OS",2,"South",470,0,NA,16689,4,17,451,0,2,0,0
"533","11/02/18 16:00",1083,5,"SB_MID",2,"South",518,0,NA,16027,6,14,501,0,3,0,0
"534","11/02/18 16:00",1083,6,"SB_NS",2,"South",668,0,NA,15476,6,3,656,0,4,0,5
"535","11/02/18 17:00",1083,1,"NB_NS",1,"North",444,0,NA,14172,14,2,432,0,6,0,4
"536","11/02/18 17:00",1083,2,"NB_MID",1,"North",413,0,NA,14964,7,4,406,0,3,0,0
"537","11/02/18 17:00",1083,3,"NB_OS",1,"North",358,0,NA,15284,6,0,355,1,2,0,0
"538","11/02/18 17:00",1083,4,"SB_OS",2,"South",392,0,NA,16115,8,15,373,1,3,0,0
"539","11/02/18 17:00",1083,5,"SB_MID",2,"South",479,0,NA,15883,4,20,457,0,2,0,0
"540","11/02/18 17:00",1083,6,"SB_NS",2,"South",560,0,NA,15159,9,2,548,0,5,0,5
"541","11/02/18 18:00",1083,1,"NB_NS",1,"North",349,0,NA,14947,20,1,336,0,7,0,5
"542","11/02/18 18:00",1083,2,"NB_MID",1,"North",409,0,NA,15177,12,5,398,0,5,0,1
"543","11/02/18 18:00",1083,3,"NB_OS",1,"North",317,0,NA,15784,6,1,314,0,2,0,0
"544","11/02/18 18:00",1083,4,"SB_OS",2,"South",257,0,NA,16353,4,14,242,0,1,0,0
"545","11/02/18 18:00",1083,5,"SB_MID",2,"South",400,0,NA,16174,2,11,388,0,1,0,0
"546","11/02/18 18:00",1083,6,"SB_NS",2,"South",454,0,NA,15693,7,3,444,0,3,0,4
"547","11/02/18 19:00",1083,1,"NB_NS",1,"North",248,0,NA,14842,12,3,238,0,3,0,4
"548","11/02/18 19:00",1083,2,"NB_MID",1,"North",311,0,NA,15591,6,0,308,0,1,1,1
"549","11/02/18 19:00",1083,3,"NB_OS",1,"North",232,0,NA,16118,9,1,228,1,1,1,0
"550","11/02/18 19:00",1083,4,"SB_OS",2,"South",199,0,NA,16614,10,7,190,0,2,0,0
"551","11/02/18 19:00",1083,5,"SB_MID",2,"South",323,0,NA,17080,0,6,317,0,0,0,0
"552","11/02/18 19:00",1083,6,"SB_NS",2,"South",358,0,NA,16088,20,5,341,1,6,1,4
"553","11/02/18 20:00",1083,1,"NB_NS",1,"North",231,0,NA,15450,13,0,224,0,2,1,4
"554","11/02/18 20:00",1083,2,"NB_MID",1,"North",270,0,NA,15893,15,2,264,0,3,1,0
"555","11/02/18 20:00",1083,3,"NB_OS",1,"North",204,0,NA,15944,10,0,202,0,2,0,0
"556","11/02/18 20:00",1083,4,"SB_OS",2,"South",164,0,NA,16594,12,6,156,0,2,0,0
"557","11/02/18 20:00",1083,5,"SB_MID",2,"South",279,0,NA,16727,14,11,263,1,4,0,0
"558","11/02/18 20:00",1083,6,"SB_NS",2,"South",339,0,NA,15866,24,2,325,0,8,0,4
"559","11/02/18 21:00",1083,1,"NB_NS",1,"North",199,0,NA,15588,35,1,187,1,6,1,3
"560","11/02/18 21:00",1083,2,"NB_MID",1,"North",221,0,NA,16021,18,1,216,0,4,0,0
"561","11/02/18 21:00",1083,3,"NB_OS",1,"North",125,0,NA,16371,0,0,125,0,0,0,0
"562","11/02/18 21:00",1083,4,"SB_OS",2,"South",106,0,NA,16958,0,6,100,0,0,0,0
"563","11/02/18 21:00",1083,5,"SB_MID",2,"South",218,0,NA,16645,18,5,209,0,4,0,0
"564","11/02/18 21:00",1083,6,"SB_NS",2,"South",249,0,NA,16004,12,2,240,0,3,0,4
"565","11/02/18 22:00",1083,1,"NB_NS",1,"North",113,0,NA,15629,27,2,104,0,2,1,4
"566","11/02/18 22:00",1083,2,"NB_MID",1,"North",195,0,NA,16251,5,0,193,1,1,0,0
"567","11/02/18 22:00",1083,3,"NB_OS",1,"North",86,0,NA,16234,12,0,84,1,1,0,0
"568","11/02/18 22:00",1083,4,"SB_OS",2,"South",88,0,NA,17203,0,4,84,0,0,0,0
"569","11/02/18 22:00",1083,5,"SB_MID",2,"South",162,0,NA,17029,19,5,154,0,2,1,0
"570","11/02/18 22:00",1083,6,"SB_NS",2,"South",174,0,NA,16376,11,0,168,0,2,0,4
"571","11/02/18 23:00",1083,1,"NB_NS",1,"North",80,0,NA,15396,50,2,71,1,3,1,2
"572","11/02/18 23:00",1083,2,"NB_MID",1,"North",107,0,NA,17079,37,1,101,0,4,0,1
"573","11/02/18 23:00",1083,3,"NB_OS",1,"North",33,0,NA,16540,0,0,33,0,0,0,0
"574","11/02/18 23:00",1083,4,"SB_OS",2,"South",35,0,NA,16929,29,2,32,0,1,0,0
"575","11/02/18 23:00",1083,5,"SB_MID",2,"South",105,0,NA,17339,10,4,100,0,1,0,0
"576","11/02/18 23:00",1083,6,"SB_NS",2,"South",117,0,NA,15976,43,2,108,0,4,1,2
"577","18/02/18 00:00",1083,1,"NB_NS",1,"North",97,0,NA,15957,10,1,95,0,1,0,0
"578","18/02/18 00:00",1083,2,"NB_MID",1,"North",186,0,NA,16162,5,2,183,0,1,0,0
"579","18/02/18 00:00",1083,3,"NB_OS",1,"North",65,0,NA,17145,0,0,65,0,0,0,0
"580","18/02/18 00:00",1083,4,"SB_OS",2,"South",90,0,NA,17673,11,6,83,0,1,0,0
"581","18/02/18 00:00",1083,5,"SB_MID",2,"South",212,0,NA,17072,5,5,206,0,0,1,0
"582","18/02/18 00:00",1083,6,"SB_NS",2,"South",182,0,NA,16625,11,1,178,0,1,1,1
"583","18/02/18 01:00",1083,1,"NB_NS",1,"North",100,0,NA,15844,0,2,97,0,0,0,1
"584","18/02/18 01:00",1083,2,"NB_MID",1,"North",182,0,NA,17018,5,1,180,0,1,0,0
"585","18/02/18 01:00",1083,3,"NB_OS",1,"North",51,0,NA,17674,0,0,51,0,0,0,0
"586","18/02/18 01:00",1083,4,"SB_OS",2,"South",54,0,NA,17819,0,2,52,0,0,0,0
"587","18/02/18 01:00",1083,5,"SB_MID",2,"South",183,0,NA,17360,0,6,177,0,0,0,0
"588","18/02/18 01:00",1083,6,"SB_NS",2,"South",170,0,NA,16726,6,1,165,0,0,1,3
"589","18/02/18 02:00",1083,1,"NB_NS",1,"North",85,0,NA,15951,24,1,82,0,2,0,0
"590","18/02/18 02:00",1083,2,"NB_MID",1,"North",164,0,NA,17000,6,2,160,0,1,0,1
"591","18/02/18 02:00",1083,3,"NB_OS",1,"North",34,0,NA,17998,0,0,33,0,0,0,1
"592","18/02/18 02:00",1083,4,"SB_OS",2,"South",39,0,NA,17507,0,2,37,0,0,0,0
"593","18/02/18 02:00",1083,5,"SB_MID",2,"South",141,0,NA,17969,0,4,137,0,0,0,0
"594","18/02/18 02:00",1083,6,"SB_NS",2,"South",125,0,NA,16576,24,0,120,0,2,1,2
"595","18/02/18 03:00",1083,1,"NB_NS",1,"North",51,0,NA,15343,0,0,51,0,0,0,0
"596","18/02/18 03:00",1083,2,"NB_MID",1,"North",132,0,NA,16970,0,1,131,0,0,0,0
"597","18/02/18 03:00",1083,3,"NB_OS",1,"North",28,0,NA,17133,0,0,28,0,0,0,0
"598","18/02/18 03:00",1083,4,"SB_OS",2,"South",20,0,NA,18792,0,0,20,0,0,0,0
"599","18/02/18 03:00",1083,5,"SB_MID",2,"South",117,0,NA,17797,0,2,115,0,0,0,0
"600","18/02/18 03:00",1083,6,"SB_NS",2,"South",81,0,NA,16890,0,0,80,0,0,0,1
"601","18/02/18 04:00",1083,1,"NB_NS",1,"North",29,0,NA,15383,34,1,27,0,1,0,0
"602","18/02/18 04:00",1083,2,"NB_MID",1,"North",110,0,NA,16611,9,1,108,0,0,1,0
"603","18/02/18 04:00",1083,3,"NB_OS",1,"North",15,0,NA,18222,0,0,15,0,0,0,0
"604","18/02/18 04:00",1083,4,"SB_OS",2,"South",15,0,NA,17000,0,1,14,0,0,0,0
"605","18/02/18 04:00",1083,5,"SB_MID",2,"South",93,0,NA,17990,0,0,93,0,0,0,0
"606","18/02/18 04:00",1083,6,"SB_NS",2,"South",61,0,NA,17254,33,0,59,0,2,0,0
"607","18/02/18 05:00",1083,1,"NB_NS",1,"North",62,0,NA,16335,16,0,61,0,0,1,0
"608","18/02/18 05:00",1083,2,"NB_MID",1,"North",74,0,NA,17147,41,1,69,0,3,0,1
"609","18/02/18 05:00",1083,3,"NB_OS",1,"North",19,0,NA,17544,53,0,18,0,1,0,0
"610","18/02/18 05:00",1083,4,"SB_OS",2,"South",22,0,NA,17083,0,1,21,0,0,0,0
"611","18/02/18 05:00",1083,5,"SB_MID",2,"South",58,0,NA,17883,17,4,53,0,1,0,0
"612","18/02/18 05:00",1083,6,"SB_NS",2,"South",68,0,NA,16895,44,1,64,0,2,1,0
"613","18/02/18 06:00",1083,1,"NB_NS",1,"North",77,0,NA,16854,52,0,73,0,4,0,0
"614","18/02/18 06:00",1083,2,"NB_MID",1,"North",92,0,NA,16449,33,1,88,0,3,0,0
"615","18/02/18 06:00",1083,3,"NB_OS",1,"North",45,0,NA,16370,0,0,45,0,0,0,0
"616","18/02/18 06:00",1083,4,"SB_OS",2,"South",40,0,NA,18764,0,2,38,0,0,0,0
"617","18/02/18 06:00",1083,5,"SB_MID",2,"South",73,0,NA,17565,14,1,71,0,1,0,0
"618","18/02/18 06:00",1083,6,"SB_NS",2,"South",92,0,NA,17763,33,2,87,0,3,0,0
"619","18/02/18 07:00",1083,1,"NB_NS",1,"North",96,0,NA,15966,21,3,91,0,1,1,0
"620","18/02/18 07:00",1083,2,"NB_MID",1,"North",138,0,NA,16908,14,0,135,0,1,1,1
"621","18/02/18 07:00",1083,3,"NB_OS",1,"North",75,0,NA,16489,13,0,74,0,1,0,0
"622","18/02/18 07:00",1083,4,"SB_OS",2,"South",67,0,NA,17778,60,3,60,0,3,1,0
"623","18/02/18 07:00",1083,5,"SB_MID",2,"South",126,0,NA,16874,16,2,121,1,2,0,0
"624","18/02/18 07:00",1083,6,"SB_NS",2,"South",136,0,NA,16991,51,1,128,0,6,1,0
"625","18/02/18 08:00",1083,1,"NB_NS",1,"North",140,0,NA,14917,29,2,131,2,4,0,1
"626","18/02/18 08:00",1083,2,"NB_MID",1,"North",240,0,NA,16075,21,1,233,0,5,0,1
"627","18/02/18 08:00",1083,3,"NB_OS",1,"North",154,0,NA,16275,32,2,147,0,5,0,0
"628","18/02/18 08:00",1083,4,"SB_OS",2,"South",123,0,NA,17231,24,2,117,0,2,1,1
"629","18/02/18 08:00",1083,5,"SB_MID",2,"South",169,0,NA,17456,24,2,163,0,4,0,0
"630","18/02/18 08:00",1083,6,"SB_NS",2,"South",201,0,NA,16535,25,2,191,1,4,1,2
"631","18/02/18 09:00",1083,1,"NB_NS",1,"North",235,0,NA,14545,26,2,223,0,4,2,4
"632","18/02/18 09:00",1083,2,"NB_MID",1,"North",437,0,NA,15467,11,3,427,1,4,1,1
"633","18/02/18 09:00",1083,3,"NB_OS",1,"North",282,0,NA,16375,18,1,276,0,5,0,0
"634","18/02/18 09:00",1083,4,"SB_OS",2,"South",228,0,NA,16938,13,10,215,0,2,1,0
"635","18/02/18 09:00",1083,5,"SB_MID",2,"South",296,0,NA,16845,10,9,284,0,3,0,0
"636","18/02/18 09:00",1083,6,"SB_NS",2,"South",385,0,NA,15793,31,6,363,1,11,1,3
"637","18/02/18 10:00",1083,1,"NB_NS",1,"North",388,0,NA,14252,18,4,372,1,7,0,4
"638","18/02/18 10:00",1083,2,"NB_MID",1,"North",544,0,NA,15150,15,7,526,2,7,1,1
"639","18/02/18 10:00",1083,3,"NB_OS",1,"North",411,0,NA,15855,24,2,399,0,10,0,0
"640","18/02/18 10:00",1083,4,"SB_OS",2,"South",326,0,NA,16362,0,8,314,3,0,0,1
"641","18/02/18 10:00",1083,5,"SB_MID",2,"South",369,0,NA,16351,24,6,354,0,8,1,0
"642","18/02/18 10:00",1083,6,"SB_NS",2,"South",456,0,NA,15746,22,2,439,0,7,3,5
"643","18/02/18 11:00",1083,1,"NB_NS",1,"North",476,0,NA,14103,6,5,460,1,3,0,7
"644","18/02/18 11:00",1083,2,"NB_MID",1,"North",622,0,NA,14709,13,4,609,0,6,2,1
"645","18/02/18 11:00",1083,3,"NB_OS",1,"North",526,0,NA,15344,11,1,518,1,6,0,0
"646","18/02/18 11:00",1083,4,"SB_OS",2,"South",395,0,NA,16682,5,11,381,0,2,0,1
"647","18/02/18 11:00",1083,5,"SB_MID",2,"South",419,0,NA,16112,7,19,397,0,3,0,0
"648","18/02/18 11:00",1083,6,"SB_NS",2,"South",604,0,NA,15245,12,4,588,0,6,1,5
"649","18/02/18 12:00",1083,1,"NB_NS",1,"North",567,0,NA,13698,9,9,549,0,5,0,4
"650","18/02/18 12:00",1083,2,"NB_MID",1,"North",633,0,NA,14637,16,4,619,0,9,1,0
"651","18/02/18 12:00",1083,3,"NB_OS",1,"North",532,0,NA,15351,11,4,521,1,6,0,0
"652","18/02/18 12:00",1083,4,"SB_OS",2,"South",486,0,NA,16278,8,5,476,1,4,0,0
"653","18/02/18 12:00",1083,5,"SB_MID",2,"South",546,0,NA,15891,7,22,519,0,3,1,1
"654","18/02/18 12:00",1083,6,"SB_NS",2,"South",735,0,NA,15170,12,7,711,2,9,0,6
"655","18/02/18 13:00",1083,1,"NB_NS",1,"North",583,0,NA,14074,9,8,564,1,4,1,5
"656","18/02/18 13:00",1083,2,"NB_MID",1,"North",645,0,NA,14833,19,4,628,0,11,1,1
"657","18/02/18 13:00",1083,3,"NB_OS",1,"North",582,0,NA,15466,7,2,575,0,4,0,1
"658","18/02/18 13:00",1083,4,"SB_OS",2,"South",496,0,NA,16304,10,18,473,0,4,1,0
"659","18/02/18 13:00",1083,5,"SB_MID",2,"South",580,0,NA,15835,14,18,554,0,7,1,0
"660","18/02/18 13:00",1083,6,"SB_NS",2,"South",745,0,NA,14961,5,1,734,1,3,1,5
"661","18/02/18 14:00",1083,1,"NB_NS",1,"North",535,0,NA,14269,9,2,524,0,5,0,4
"662","18/02/18 14:00",1083,2,"NB_MID",1,"North",566,0,NA,14985,4,6,556,2,2,0,0
"663","18/02/18 14:00",1083,3,"NB_OS",1,"North",510,0,NA,15960,10,2,503,0,5,0,0
"664","18/02/18 14:00",1083,4,"SB_OS",2,"South",516,0,NA,16535,0,18,498,0,0,0,0
"665","18/02/18 14:00",1083,5,"SB_MID",2,"South",589,0,NA,15787,5,23,563,0,3,0,0
"666","18/02/18 14:00",1083,6,"SB_NS",2,"South",692,0,NA,14927,14,4,673,0,7,3,5
"667","18/02/18 15:00",1083,1,"NB_NS",1,"North",511,0,NA,13987,8,4,497,1,4,0,5
"668","18/02/18 15:00",1083,2,"NB_MID",1,"North",580,0,NA,14721,12,3,569,0,7,0,1
"669","18/02/18 15:00",1083,3,"NB_OS",1,"North",470,0,NA,15462,6,2,465,0,3,0,0
"670","18/02/18 15:00",1083,4,"SB_OS",2,"South",508,0,NA,16714,2,10,496,0,1,0,1
"671","18/02/18 15:00",1083,5,"SB_MID",2,"South",558,0,NA,16171,4,16,539,0,2,0,1
"672","18/02/18 15:00",1083,6,"SB_NS",2,"South",711,0,NA,14982,8,6,694,2,5,1,3
"673","18/02/18 16:00",1083,1,"NB_NS",1,"North",514,0,NA,14343,8,5,500,1,4,0,4
"674","18/02/18 16:00",1083,2,"NB_MID",1,"North",513,0,NA,15147,12,3,504,0,5,1,0
"675","18/02/18 16:00",1083,3,"NB_OS",1,"North",459,0,NA,15619,9,3,452,0,4,0,0
"676","18/02/18 16:00",1083,4,"SB_OS",2,"South",452,0,NA,16689,4,10,440,0,2,0,0
"677","18/02/18 16:00",1083,5,"SB_MID",2,"South",567,0,NA,15859,5,13,550,1,2,1,0
"678","18/02/18 16:00",1083,6,"SB_NS",2,"South",718,0,NA,15022,10,3,699,4,6,1,5
"679","18/02/18 17:00",1083,1,"NB_NS",1,"North",412,0,NA,14335,15,3,399,0,5,1,4
"680","18/02/18 17:00",1083,2,"NB_MID",1,"North",444,0,NA,14775,9,4,436,0,3,1,0
"681","18/02/18 17:00",1083,3,"NB_OS",1,"North",397,0,NA,15585,18,3,387,0,7,0,0
"682","18/02/18 17:00",1083,4,"SB_OS",2,"South",406,0,NA,16449,2,10,395,0,1,0,0
"683","18/02/18 17:00",1083,5,"SB_MID",2,"South",487,0,NA,15770,8,12,471,0,4,0,0
"684","18/02/18 17:00",1083,6,"SB_NS",2,"South",518,0,NA,15149,4,2,509,0,1,1,5
"685","18/02/18 18:00",1083,1,"NB_NS",1,"North",338,0,NA,14555,12,3,325,1,3,1,5
"686","18/02/18 18:00",1083,2,"NB_MID",1,"North",386,0,NA,15235,10,4,376,0,4,0,2
"687","18/02/18 18:00",1083,3,"NB_OS",1,"North",279,0,NA,15722,14,1,273,1,4,0,0
"688","18/02/18 18:00",1083,4,"SB_OS",2,"South",283,0,NA,16567,0,8,275,0,0,0,0
"689","18/02/18 18:00",1083,5,"SB_MID",2,"South",393,0,NA,16038,5,9,381,1,2,0,0
"690","18/02/18 18:00",1083,6,"SB_NS",2,"South",422,0,NA,15934,12,3,409,0,4,1,5
"691","18/02/18 19:00",1083,1,"NB_NS",1,"North",277,0,NA,14806,7,5,265,0,2,0,5
"692","18/02/18 19:00",1083,2,"NB_MID",1,"North",336,0,NA,15531,12,3,329,0,4,0,0
"693","18/02/18 19:00",1083,3,"NB_OS",1,"North",249,0,NA,16019,8,1,246,0,2,0,0
"694","18/02/18 19:00",1083,4,"SB_OS",2,"South",223,0,NA,17008,9,8,213,0,1,1,0
"695","18/02/18 19:00",1083,5,"SB_MID",2,"South",337,0,NA,16917,21,7,322,1,7,0,0
"696","18/02/18 19:00",1083,6,"SB_NS",2,"South",401,0,NA,15702,10,3,391,0,3,1,3
"697","18/02/18 20:00",1083,1,"NB_NS",1,"North",246,0,NA,15158,4,0,241,0,1,0,4
"698","18/02/18 20:00",1083,2,"NB_MID",1,"North",271,0,NA,15774,0,3,268,0,0,0,0
"699","18/02/18 20:00",1083,3,"NB_OS",1,"North",170,0,NA,16471,6,2,167,0,1,0,0
"700","18/02/18 20:00",1083,4,"SB_OS",2,"South",169,0,NA,17613,0,6,163,0,0,0,0
"701","18/02/18 20:00",1083,5,"SB_MID",2,"South",256,0,NA,16827,12,13,240,0,3,0,0
"702","18/02/18 20:00",1083,6,"SB_NS",2,"South",279,0,NA,16654,7,2,271,0,2,0,4
"703","18/02/18 21:00",1083,1,"NB_NS",1,"North",188,0,NA,15700,21,0,180,0,4,0,4
"704","18/02/18 21:00",1083,2,"NB_MID",1,"North",220,0,NA,15862,32,0,213,0,5,2,0
"705","18/02/18 21:00",1083,3,"NB_OS",1,"North",116,0,NA,16571,9,0,115,0,1,0,0
"706","18/02/18 21:00",1083,4,"SB_OS",2,"South",106,0,NA,16103,0,7,99,0,0,0,0
"707","18/02/18 21:00",1083,5,"SB_MID",2,"South",193,0,NA,16996,10,8,183,0,2,0,0
"708","18/02/18 21:00",1083,6,"SB_NS",2,"South",223,0,NA,16115,9,2,214,0,2,0,5
"709","18/02/18 22:00",1083,1,"NB_NS",1,"North",139,0,NA,15949,7,1,133,0,1,0,4
"710","18/02/18 22:00",1083,2,"NB_MID",1,"North",150,0,NA,16765,7,1,148,0,1,0,0
"711","18/02/18 22:00",1083,3,"NB_OS",1,"North",82,0,NA,16900,12,0,81,0,1,0,0
"712","18/02/18 22:00",1083,4,"SB_OS",2,"South",68,0,NA,17169,0,4,64,0,0,0,0
"713","18/02/18 22:00",1083,5,"SB_MID",2,"South",173,0,NA,16943,12,1,170,0,1,1,0
"714","18/02/18 22:00",1083,6,"SB_NS",2,"South",198,0,NA,16021,10,4,187,0,1,1,5
"715","18/02/18 23:00",1083,1,"NB_NS",1,"North",73,0,NA,15769,14,2,68,0,1,0,2
"716","18/02/18 23:00",1083,2,"NB_MID",1,"North",147,0,NA,16929,0,0,147,0,0,0,0
"717","18/02/18 23:00",1083,3,"NB_OS",1,"North",32,0,NA,17179,0,0,32,0,0,0,0
"718","18/02/18 23:00",1083,4,"SB_OS",2,"South",38,0,NA,16316,0,0,38,0,0,0,0
"719","18/02/18 23:00",1083,5,"SB_MID",2,"South",111,0,NA,17092,9,2,108,0,1,0,0
"720","18/02/18 23:00",1083,6,"SB_NS",2,"South",125,0,NA,16691,64,0,114,0,7,1,3
"721","22/02/18 00:00",1083,1,"NB_NS",1,"North",44,0,NA,16004,0,0,44,0,0,0,0
"722","22/02/18 00:00",1083,2,"NB_MID",1,"North",82,0,NA,16606,49,0,78,0,4,0,0
"723","22/02/18 00:00",1083,3,"NB_OS",1,"North",20,0,NA,15931,0,0,20,0,0,0,0
"724","22/02/18 00:00",1083,4,"SB_OS",2,"South",16,0,NA,17483,0,1,15,0,0,0,0
"725","22/02/18 00:00",1083,5,"SB_MID",2,"South",79,0,NA,17975,13,0,78,0,0,1,0
"726","22/02/18 00:00",1083,6,"SB_NS",2,"South",86,0,NA,16734,93,1,77,0,5,3,0
"727","22/02/18 01:00",1083,1,"NB_NS",1,"North",27,0,NA,16029,74,1,24,0,1,1,0
"728","22/02/18 01:00",1083,2,"NB_MID",1,"North",32,0,NA,17439,62,1,29,0,1,1,0
"729","22/02/18 01:00",1083,3,"NB_OS",1,"North",4,0,NA,15903,0,0,4,0,0,0,0
"730","22/02/18 01:00",1083,4,"SB_OS",2,"South",14,0,NA,16468,0,0,14,0,0,0,0
"731","22/02/18 01:00",1083,5,"SB_MID",2,"South",52,0,NA,18237,19,2,49,0,1,0,0
"732","22/02/18 01:00",1083,6,"SB_NS",2,"South",41,0,NA,15766,98,2,35,0,4,0,0
"733","22/02/18 02:00",1083,1,"NB_NS",1,"North",24,0,NA,14294,42,1,22,0,1,0,0
"734","22/02/18 02:00",1083,2,"NB_MID",1,"North",23,0,NA,17705,0,0,23,0,0,0,0
"735","22/02/18 02:00",1083,3,"NB_OS",1,"North",3,0,NA,19445,333,0,2,0,1,0,0
"736","22/02/18 02:00",1083,4,"SB_OS",2,"South",10,0,NA,15556,0,2,8,0,0,0,0
"737","22/02/18 02:00",1083,5,"SB_MID",2,"South",31,0,NA,17679,65,2,27,0,2,0,0
"738","22/02/18 02:00",1083,6,"SB_NS",2,"South",52,0,NA,16629,115,1,45,0,4,2,0
"739","22/02/18 03:00",1083,1,"NB_NS",1,"North",35,0,NA,17357,86,0,32,0,3,0,0
"740","22/02/18 03:00",1083,2,"NB_MID",1,"North",31,0,NA,17276,97,0,28,0,2,1,0
"741","22/02/18 03:00",1083,3,"NB_OS",1,"North",4,0,NA,20069,0,0,4,0,0,0,0
"742","22/02/18 03:00",1083,4,"SB_OS",2,"South",14,0,NA,17143,71,1,12,0,1,0,0
"743","22/02/18 03:00",1083,5,"SB_MID",2,"South",36,0,NA,16381,56,0,34,0,2,0,0
"744","22/02/18 03:00",1083,6,"SB_NS",2,"South",51,0,NA,16492,78,1,46,0,3,1,0
"745","22/02/18 04:00",1083,1,"NB_NS",1,"North",42,0,NA,15569,48,1,39,0,2,0,0
"746","22/02/18 04:00",1083,2,"NB_MID",1,"North",29,0,NA,16121,103,1,25,0,3,0,0
"747","22/02/18 04:00",1083,3,"NB_OS",1,"North",12,0,NA,17431,0,0,12,0,0,0,0
"748","22/02/18 04:00",1083,4,"SB_OS",2,"South",7,0,NA,17381,0,0,7,0,0,0,0
"749","22/02/18 04:00",1083,5,"SB_MID",2,"South",38,0,NA,18004,26,0,37,0,1,0,0
"750","22/02/18 04:00",1083,6,"SB_NS",2,"South",56,0,NA,15977,71,2,50,0,2,2,0
"751","22/02/18 05:00",1083,1,"NB_NS",1,"North",153,0,NA,16042,20,1,146,0,1,2,3
"752","22/02/18 05:00",1083,2,"NB_MID",1,"North",152,0,NA,16458,53,1,143,0,4,4,0
"753","22/02/18 05:00",1083,3,"NB_OS",1,"North",67,0,NA,17442,15,0,66,0,1,0,0
"754","22/02/18 05:00",1083,4,"SB_OS",2,"South",57,0,NA,17870,18,1,54,0,1,0,1
"755","22/02/18 05:00",1083,5,"SB_MID",2,"South",111,0,NA,17327,27,5,103,0,2,1,0
"756","22/02/18 05:00",1083,6,"SB_NS",2,"South",136,0,NA,16487,103,1,121,0,11,3,0
"757","22/02/18 06:00",1083,1,"NB_NS",1,"North",359,0,NA,14857,58,3,324,0,20,1,11
"758","22/02/18 06:00",1083,2,"NB_MID",1,"North",452,0,NA,15315,60,3,421,0,22,5,1
"759","22/02/18 06:00",1083,3,"NB_OS",1,"North",406,0,NA,16023,15,0,400,0,6,0,0
"760","22/02/18 06:00",1083,4,"SB_OS",2,"South",231,0,NA,17235,22,4,222,0,4,1,0
"761","22/02/18 06:00",1083,5,"SB_MID",2,"South",261,0,NA,17411,27,11,242,1,7,0,0
"762","22/02/18 06:00",1083,6,"SB_NS",2,"South",347,0,NA,16615,72,4,315,0,24,1,3
"763","22/02/18 07:00",1083,1,"NB_NS",1,"North",839,0,NA,12693,26,6,799,0,20,2,12
"764","22/02/18 07:00",1083,2,"NB_MID",1,"North",1091,0,NA,11326,24,5,1058,0,26,0,2
"765","22/02/18 07:00",1083,3,"NB_OS",1,"North",1186,0,NA,11437,24,7,1142,1,26,2,8
"766","22/02/18 07:00",1083,4,"SB_OS",2,"South",539,0,NA,15798,19,9,520,0,8,2,0
"767","22/02/18 07:00",1083,5,"SB_MID",2,"South",574,0,NA,15239,30,17,540,0,17,0,0
"768","22/02/18 07:00",1083,6,"SB_NS",2,"South",825,0,NA,14854,47,5,770,3,35,4,8
"769","22/02/18 08:00",1083,1,"NB_NS",1,"North",745,0,NA,12792,48,5,693,4,34,2,7
"770","22/02/18 08:00",1083,2,"NB_MID",1,"North",940,0,NA,12755,49,5,889,0,41,5,0
"771","22/02/18 08:00",1083,3,"NB_OS",1,"North",1013,0,NA,12873,26,3,982,1,25,1,1
"772","22/02/18 08:00",1083,4,"SB_OS",2,"South",611,0,NA,15534,28,14,579,0,16,1,1
"773","22/02/18 08:00",1083,5,"SB_MID",2,"South",604,0,NA,14903,43,21,556,1,25,1,0
"774","22/02/18 08:00",1083,6,"SB_NS",2,"South",941,0,NA,14044,38,5,888,1,31,5,11
"775","22/02/18 09:00",1083,1,"NB_NS",1,"North",622,0,NA,13349,59,4,570,1,35,2,10
"776","22/02/18 09:00",1083,2,"NB_MID",1,"North",769,0,NA,13635,60,4,716,3,40,6,0
"777","22/02/18 09:00",1083,3,"NB_OS",1,"North",778,0,NA,14210,33,1,749,1,25,1,1
"778","22/02/18 09:00",1083,4,"SB_OS",2,"South",451,0,NA,16586,33,15,421,0,15,0,0
"779","22/02/18 09:00",1083,5,"SB_MID",2,"South",487,0,NA,16074,55,16,443,1,27,0,0
"780","22/02/18 09:00",1083,6,"SB_NS",2,"South",702,0,NA,15091,73,4,636,3,46,5,8
"781","22/02/18 10:00",1083,1,"NB_NS",1,"North",595,0,NA,13674,66,6,536,2,34,5,12
"782","22/02/18 10:00",1083,2,"NB_MID",1,"North",647,0,NA,14707,53,8,601,3,32,2,1
"783","22/02/18 10:00",1083,3,"NB_OS",1,"North",513,0,NA,15453,45,2,487,1,23,0,0
"784","22/02/18 10:00",1083,4,"SB_OS",2,"South",426,0,NA,16393,47,11,394,1,19,1,0
"785","22/02/18 10:00",1083,5,"SB_MID",2,"South",448,0,NA,15724,38,15,415,1,14,3,0
"786","22/02/18 10:00",1083,6,"SB_NS",2,"South",597,0,NA,14842,77,2,539,0,34,12,10
"787","22/02/18 11:00",1083,1,"NB_NS",1,"North",546,0,NA,13730,49,2,507,2,27,0,8
"788","22/02/18 11:00",1083,2,"NB_MID",1,"North",605,0,NA,14400,63,7,554,4,37,1,2
"789","22/02/18 11:00",1083,3,"NB_OS",1,"North",508,0,NA,15163,37,1,488,0,19,0,0
"790","22/02/18 11:00",1083,4,"SB_OS",2,"South",451,0,NA,16408,29,14,422,2,12,1,0
"791","22/02/18 11:00",1083,5,"SB_MID",2,"South",561,0,NA,15757,41,17,520,1,23,0,0
"792","22/02/18 11:00",1083,6,"SB_NS",2,"South",653,0,NA,14980,57,6,599,0,33,4,11
"793","22/02/18 12:00",1083,1,"NB_NS",1,"North",649,0,NA,13802,62,0,597,4,37,3,8
"794","22/02/18 12:00",1083,2,"NB_MID",1,"North",611,0,NA,14689,57,5,570,0,35,0,1
"795","22/02/18 12:00",1083,3,"NB_OS",1,"North",570,0,NA,15473,37,1,548,0,21,0,0
"796","22/02/18 12:00",1083,4,"SB_OS",2,"South",556,0,NA,16206,22,12,530,2,12,0,0
"797","22/02/18 12:00",1083,5,"SB_MID",2,"South",583,0,NA,15540,36,18,543,0,20,1,1
"798","22/02/18 12:00",1083,6,"SB_NS",2,"South",714,0,NA,14853,57,6,655,2,35,6,10
"799","22/02/18 13:00",1083,1,"NB_NS",1,"North",653,0,NA,13681,49,4,604,3,29,3,10
"800","22/02/18 13:00",1083,2,"NB_MID",1,"North",600,0,NA,14662,52,6,560,2,29,2,1
"801","22/02/18 13:00",1083,3,"NB_OS",1,"North",548,0,NA,15386,31,3,528,0,17,0,0
"802","22/02/18 13:00",1083,4,"SB_OS",2,"South",501,0,NA,16225,24,19,466,4,12,0,0
"803","22/02/18 13:00",1083,5,"SB_MID",2,"South",631,0,NA,15770,38,22,585,0,23,1,0
"804","22/02/18 13:00",1083,6,"SB_NS",2,"South",729,0,NA,14618,56,6,673,1,37,4,8
"805","22/02/18 14:00",1083,1,"NB_NS",1,"North",645,0,NA,13726,67,2,587,4,40,3,9
"806","22/02/18 14:00",1083,2,"NB_MID",1,"North",503,0,NA,14922,32,2,484,1,14,2,0
"807","22/02/18 14:00",1083,3,"NB_OS",1,"North",459,0,NA,15524,39,0,439,1,17,1,1
"808","22/02/18 14:00",1083,4,"SB_OS",2,"South",601,0,NA,16106,23,14,570,2,14,0,1
"809","22/02/18 14:00",1083,5,"SB_MID",2,"South",666,0,NA,15630,39,16,621,3,22,4,0
"810","22/02/18 14:00",1083,6,"SB_NS",2,"South",853,0,NA,14572,46,6,797,2,35,4,9
"811","22/02/18 15:00",1083,1,"NB_NS",1,"North",756,0,NA,12333,61,7,691,3,44,2,9
"812","22/02/18 15:00",1083,2,"NB_MID",1,"North",583,0,NA,14215,60,6,536,4,33,2,2
"813","22/02/18 15:00",1083,3,"NB_OS",1,"North",569,0,NA,14680,42,3,542,0,24,0,0
"814","22/02/18 15:00",1083,4,"SB_OS",2,"South",664,0,NA,15950,15,18,635,1,10,0,0
"815","22/02/18 15:00",1083,5,"SB_MID",2,"South",733,0,NA,15007,25,25,686,2,18,0,2
"816","22/02/18 15:00",1083,6,"SB_NS",2,"South",1091,0,NA,13957,41,4,1031,2,38,7,9
"817","22/02/18 16:00",1083,1,"NB_NS",1,"North",955,0,NA,12736,49,4,891,4,47,0,9
"818","22/02/18 16:00",1083,2,"NB_MID",1,"North",704,0,NA,14429,41,6,666,2,24,5,1
"819","22/02/18 16:00",1083,3,"NB_OS",1,"North",730,0,NA,14919,18,2,711,3,13,0,1
"820","22/02/18 16:00",1083,4,"SB_OS",2,"South",757,0,NA,15571,8,16,734,1,6,0,0
"821","22/02/18 16:00",1083,5,"SB_MID",2,"South",750,0,NA,14939,27,20,710,0,19,1,0
"822","22/02/18 16:00",1083,6,"SB_NS",2,"South",1349,0,NA,13484,13,9,1313,0,16,2,9
"823","22/02/18 17:00",1083,1,"NB_NS",1,"North",993,0,NA,11778,27,7,950,1,25,2,8
"824","22/02/18 17:00",1083,2,"NB_MID",1,"North",827,0,NA,13334,19,6,804,0,14,2,1
"825","22/02/18 17:00",1083,3,"NB_OS",1,"North",922,0,NA,13946,18,4,900,0,16,1,1
"826","22/02/18 17:00",1083,4,"SB_OS",2,"South",684,0,NA,15599,9,18,659,1,5,1,0
"827","22/02/18 17:00",1083,5,"SB_MID",2,"South",731,0,NA,14544,12,17,704,0,7,2,1
"828","22/02/18 17:00",1083,6,"SB_NS",2,"South",1214,0,NA,13460,7,6,1191,0,7,2,8
"829","22/02/18 18:00",1083,1,"NB_NS",1,"North",652,0,NA,13112,28,4,622,1,15,3,7
"830","22/02/18 18:00",1083,2,"NB_MID",1,"North",733,0,NA,13694,19,5,712,0,14,0,2
"831","22/02/18 18:00",1083,3,"NB_OS",1,"North",734,0,NA,14483,10,2,725,0,7,0,0
"832","22/02/18 18:00",1083,4,"SB_OS",2,"South",588,0,NA,15600,7,16,568,0,4,0,0
"833","22/02/18 18:00",1083,5,"SB_MID",2,"South",654,0,NA,14800,12,11,634,1,7,1,0
"834","22/02/18 18:00",1083,6,"SB_NS",2,"South",928,0,NA,13352,9,5,904,0,7,1,11
"835","22/02/18 19:00",1083,1,"NB_NS",1,"North",418,0,NA,14242,17,2,402,1,7,0,6
"836","22/02/18 19:00",1083,2,"NB_MID",1,"North",515,0,NA,15086,16,8,499,0,6,2,0
"837","22/02/18 19:00",1083,3,"NB_OS",1,"North",429,0,NA,15786,9,1,424,0,4,0,0
"838","22/02/18 19:00",1083,4,"SB_OS",2,"South",431,0,NA,16499,5,5,424,0,2,0,0
"839","22/02/18 19:00",1083,5,"SB_MID",2,"South",504,0,NA,15860,12,7,491,0,6,0,0
"840","22/02/18 19:00",1083,6,"SB_NS",2,"South",675,0,NA,15179,13,3,655,0,8,1,8
"841","22/02/18 20:00",1083,1,"NB_NS",1,"North",379,0,NA,14919,21,2,365,0,7,1,4
"842","22/02/18 20:00",1083,2,"NB_MID",1,"North",377,0,NA,15592,19,0,370,0,4,3,0
"843","22/02/18 20:00",1083,3,"NB_OS",1,"North",322,0,NA,16132,6,1,319,0,2,0,0
"844","22/02/18 20:00",1083,4,"SB_OS",2,"South",277,0,NA,17045,4,9,267,0,1,0,0
"845","22/02/18 20:00",1083,5,"SB_MID",2,"South",417,0,NA,16456,10,8,405,0,3,1,0
"846","22/02/18 20:00",1083,6,"SB_NS",2,"South",477,0,NA,15846,17,5,460,0,5,3,4
"847","22/02/18 21:00",1083,1,"NB_NS",1,"North",242,0,NA,15054,17,2,232,0,4,0,4
"848","22/02/18 21:00",1083,2,"NB_MID",1,"North",266,0,NA,15897,34,3,254,0,5,4,0
"849","22/02/18 21:00",1083,3,"NB_OS",1,"North",166,0,NA,16464,12,1,163,0,2,0,0
"850","22/02/18 21:00",1083,4,"SB_OS",2,"South",176,0,NA,17075,6,9,166,0,1,0,0
"851","22/02/18 21:00",1083,5,"SB_MID",2,"South",330,0,NA,16584,18,8,316,0,5,1,0
"852","22/02/18 21:00",1083,6,"SB_NS",2,"South",431,0,NA,15338,12,3,416,1,5,0,6
"853","22/02/18 22:00",1083,1,"NB_NS",1,"North",167,0,NA,15439,36,1,157,0,6,0,3
"854","22/02/18 22:00",1083,2,"NB_MID",1,"North",229,0,NA,15746,22,2,221,1,4,1,0
"855","22/02/18 22:00",1083,3,"NB_OS",1,"North",122,0,NA,16853,16,0,120,0,2,0,0
"856","22/02/18 22:00",1083,4,"SB_OS",2,"South",154,0,NA,17738,0,0,154,0,0,0,0
"857","22/02/18 22:00",1083,5,"SB_MID",2,"South",260,0,NA,17057,8,5,253,0,1,1,0
"858","22/02/18 22:00",1083,6,"SB_NS",2,"South",298,0,NA,15845,20,7,282,0,6,0,3
"859","22/02/18 23:00",1083,1,"NB_NS",1,"North",91,0,NA,15971,11,0,86,0,1,0,4
"860","22/02/18 23:00",1083,2,"NB_MID",1,"North",147,0,NA,16527,27,1,141,1,3,1,0
"861","22/02/18 23:00",1083,3,"NB_OS",1,"North",59,0,NA,17298,34,0,57,0,2,0,0
"862","22/02/18 23:00",1083,4,"SB_OS",2,"South",67,0,NA,18022,0,2,65,0,0,0,0
"863","22/02/18 23:00",1083,5,"SB_MID",2,"South",171,0,NA,17529,12,5,164,0,1,1,0
"864","22/02/18 23:00",1083,6,"SB_NS",2,"South",176,0,NA,16375,23,1,167,0,4,0,4
"865","24/02/18 00:00",1083,1,"NB_NS",1,"North",100,0,NA,15883,40,1,94,1,4,0,0
"866","24/02/18 00:00",1083,2,"NB_MID",1,"North",167,0,NA,16264,18,0,164,0,3,0,0
"867","24/02/18 00:00",1083,3,"NB_OS",1,"North",59,0,NA,17910,0,0,59,0,0,0,0
"868","24/02/18 00:00",1083,4,"SB_OS",2,"South",63,0,NA,17787,32,5,56,0,1,1,0
"869","24/02/18 00:00",1083,5,"SB_MID",2,"South",165,0,NA,17367,0,5,160,0,0,0,0
"870","24/02/18 00:00",1083,6,"SB_NS",2,"South",168,0,NA,16210,30,3,159,0,3,2,1
"871","24/02/18 01:00",1083,1,"NB_NS",1,"North",78,0,NA,15392,38,2,73,0,2,1,0
"872","24/02/18 01:00",1083,2,"NB_MID",1,"North",138,0,NA,16735,14,0,134,0,1,1,2
"873","24/02/18 01:00",1083,3,"NB_OS",1,"North",34,0,NA,17418,0,0,34,0,0,0,0
"874","24/02/18 01:00",1083,4,"SB_OS",2,"South",33,0,NA,17281,30,2,30,0,0,1,0
"875","24/02/18 01:00",1083,5,"SB_MID",2,"South",114,0,NA,17973,0,2,112,0,0,0,0
"876","24/02/18 01:00",1083,6,"SB_NS",2,"South",100,0,NA,16492,20,0,96,0,2,0,2
"877","24/02/18 02:00",1083,1,"NB_NS",1,"North",52,0,NA,16309,38,0,50,0,1,1,0
"878","24/02/18 02:00",1083,2,"NB_MID",1,"North",112,0,NA,16577,9,0,108,1,1,0,2
"879","24/02/18 02:00",1083,3,"NB_OS",1,"North",30,0,NA,17750,33,0,29,0,1,0,0
"880","24/02/18 02:00",1083,4,"SB_OS",2,"South",22,0,NA,17450,45,0,21,0,0,1,0
"881","24/02/18 02:00",1083,5,"SB_MID",2,"South",104,0,NA,17804,0,1,103,0,0,0,0
"882","24/02/18 02:00",1083,6,"SB_NS",2,"South",103,0,NA,16454,39,1,96,0,3,1,2
"883","24/02/18 03:00",1083,1,"NB_NS",1,"North",49,0,NA,16752,41,0,47,0,2,0,0
"884","24/02/18 03:00",1083,2,"NB_MID",1,"North",95,0,NA,17304,11,2,92,0,1,0,0
"885","24/02/18 03:00",1083,3,"NB_OS",1,"North",22,0,NA,17033,0,0,22,0,0,0,0
"886","24/02/18 03:00",1083,4,"SB_OS",2,"South",23,0,NA,16606,43,1,21,0,0,1,0
"887","24/02/18 03:00",1083,5,"SB_MID",2,"South",104,0,NA,18034,29,2,99,0,2,1,0
"888","24/02/18 03:00",1083,6,"SB_NS",2,"South",85,0,NA,16405,47,0,80,0,1,3,1
"889","24/02/18 04:00",1083,1,"NB_NS",1,"North",47,0,NA,16194,43,0,45,0,2,0,0
"890","24/02/18 04:00",1083,2,"NB_MID",1,"North",74,0,NA,17207,14,0,73,0,0,1,0
"891","24/02/18 04:00",1083,3,"NB_OS",1,"North",21,0,NA,18095,0,0,21,0,0,0,0
"892","24/02/18 04:00",1083,4,"SB_OS",2,"South",12,0,NA,18750,0,2,10,0,0,0,0
"893","24/02/18 04:00",1083,5,"SB_MID",2,"South",84,0,NA,18181,0,1,83,0,0,0,0
"894","24/02/18 04:00",1083,6,"SB_NS",2,"South",63,0,NA,17081,32,1,60,0,1,1,0
"895","24/02/18 05:00",1083,1,"NB_NS",1,"North",79,0,NA,16519,13,0,78,0,0,1,0
"896","24/02/18 05:00",1083,2,"NB_MID",1,"North",84,0,NA,16782,48,1,79,0,3,1,0
"897","24/02/18 05:00",1083,3,"NB_OS",1,"North",23,0,NA,17657,0,0,23,0,0,0,0
"898","24/02/18 05:00",1083,4,"SB_OS",2,"South",18,0,NA,17716,0,2,16,0,0,0,0
"899","24/02/18 05:00",1083,5,"SB_MID",2,"South",72,0,NA,18187,42,1,68,0,3,0,0
"900","24/02/18 05:00",1083,6,"SB_NS",2,"South",89,0,NA,17903,56,2,82,0,3,2,0
"901","24/02/18 06:00",1083,1,"NB_NS",1,"North",125,0,NA,16487,24,2,118,0,3,0,2
"902","24/02/18 06:00",1083,2,"NB_MID",1,"North",138,0,NA,16606,58,1,129,0,5,3,0
"903","24/02/18 06:00",1083,3,"NB_OS",1,"North",88,0,NA,17551,11,1,86,0,1,0,0
"904","24/02/18 06:00",1083,4,"SB_OS",2,"South",55,0,NA,17530,0,5,50,0,0,0,0
"905","24/02/18 06:00",1083,5,"SB_MID",2,"South",113,0,NA,17129,27,4,106,0,3,0,0
"906","24/02/18 06:00",1083,6,"SB_NS",2,"South",139,0,NA,16707,65,1,129,0,7,2,0
"907","24/02/18 07:00",1083,1,"NB_NS",1,"North",182,0,NA,15856,71,5,161,1,12,1,2
"908","24/02/18 07:00",1083,2,"NB_MID",1,"North",254,0,NA,16651,28,3,242,1,7,0,1
"909","24/02/18 07:00",1083,3,"NB_OS",1,"North",173,0,NA,17176,35,1,166,0,6,0,0
"910","24/02/18 07:00",1083,4,"SB_OS",2,"South",127,0,NA,17961,47,2,119,0,4,2,0
"911","24/02/18 07:00",1083,5,"SB_MID",2,"South",191,0,NA,17813,37,3,180,1,7,0,0
"912","24/02/18 07:00",1083,6,"SB_NS",2,"South",284,0,NA,16956,60,3,263,0,16,1,1
"913","24/02/18 08:00",1083,1,"NB_NS",1,"North",332,0,NA,14335,27,0,313,1,9,0,9
"914","24/02/18 08:00",1083,2,"NB_MID",1,"North",459,0,NA,15506,37,8,432,0,12,5,2
"915","24/02/18 08:00",1083,3,"NB_OS",1,"North",385,0,NA,16237,23,5,371,0,9,0,0
"916","24/02/18 08:00",1083,4,"SB_OS",2,"South",237,0,NA,17212,13,13,221,0,3,0,0
"917","24/02/18 08:00",1083,5,"SB_MID",2,"South",349,0,NA,16961,11,12,333,0,4,0,0
"918","24/02/18 08:00",1083,6,"SB_NS",2,"South",403,0,NA,16336,69,2,368,0,25,3,5
"919","24/02/18 09:00",1083,1,"NB_NS",1,"North",472,0,NA,13806,28,4,443,1,12,1,11
"920","24/02/18 09:00",1083,2,"NB_MID",1,"North",607,0,NA,14888,26,8,582,1,15,1,0
"921","24/02/18 09:00",1083,3,"NB_OS",1,"North",469,0,NA,15654,28,3,453,0,13,0,0
"922","24/02/18 09:00",1083,4,"SB_OS",2,"South",367,0,NA,16757,25,10,345,2,9,0,1
"923","24/02/18 09:00",1083,5,"SB_MID",2,"South",465,0,NA,16380,19,16,439,1,8,1,0
"924","24/02/18 09:00",1083,6,"SB_NS",2,"South",534,0,NA,15450,32,6,504,0,17,0,7
"925","24/02/18 10:00",1083,1,"NB_NS",1,"North",529,0,NA,13798,32,8,490,5,17,0,9
"926","24/02/18 10:00",1083,2,"NB_MID",1,"North",606,0,NA,15116,25,8,583,0,14,1,0
"927","24/02/18 10:00",1083,3,"NB_OS",1,"North",476,0,NA,15333,23,4,461,0,11,0,0
"928","24/02/18 10:00",1083,4,"SB_OS",2,"South",468,0,NA,16374,2,11,456,0,1,0,0
"929","24/02/18 10:00",1083,5,"SB_MID",2,"South",563,0,NA,16037,18,14,539,0,10,0,0
"930","24/02/18 10:00",1083,6,"SB_NS",2,"South",640,0,NA,15176,34,4,602,1,22,0,11
"931","24/02/18 11:00",1083,1,"NB_NS",1,"North",568,0,NA,13648,19,9,539,0,11,0,9
"932","24/02/18 11:00",1083,2,"NB_MID",1,"North",659,0,NA,14422,14,6,644,0,9,0,0
"933","24/02/18 11:00",1083,3,"NB_OS",1,"North",595,0,NA,15193,12,1,587,0,7,0,0
"934","24/02/18 11:00",1083,4,"SB_OS",2,"South",486,0,NA,16780,19,10,466,1,8,1,0
"935","24/02/18 11:00",1083,5,"SB_MID",2,"South",615,0,NA,15868,10,20,587,1,5,1,1
"936","24/02/18 11:00",1083,6,"SB_NS",2,"South",695,0,NA,15195,26,8,659,0,16,2,10
"937","24/02/18 12:00",1083,1,"NB_NS",1,"North",670,0,NA,13782,12,10,641,3,8,0,8
"938","24/02/18 12:00",1083,2,"NB_MID",1,"North",677,0,NA,14596,10,8,662,0,5,2,0
"939","24/02/18 12:00",1083,3,"NB_OS",1,"North",615,0,NA,15730,20,2,601,0,12,0,0
"940","24/02/18 12:00",1083,4,"SB_OS",2,"South",592,0,NA,16166,7,8,580,0,4,0,0
"941","24/02/18 12:00",1083,5,"SB_MID",2,"South",626,0,NA,15638,11,19,598,2,5,2,0
"942","24/02/18 12:00",1083,6,"SB_NS",2,"South",819,0,NA,14637,18,9,786,1,13,2,8
"943","24/02/18 13:00",1083,1,"NB_NS",1,"North",617,0,NA,13620,11,3,596,2,7,0,9
"944","24/02/18 13:00",1083,2,"NB_MID",1,"North",695,0,NA,14364,16,6,677,1,11,0,0
"945","24/02/18 13:00",1083,3,"NB_OS",1,"North",643,0,NA,14221,19,3,626,2,11,1,0
"946","24/02/18 13:00",1083,4,"SB_OS",2,"South",598,0,NA,15904,10,17,575,0,4,2,0
"947","24/02/18 13:00",1083,5,"SB_MID",2,"South",668,0,NA,15325,12,19,640,1,8,0,0
"948","24/02/18 13:00",1083,6,"SB_NS",2,"South",811,0,NA,14462,17,4,785,0,14,0,8
"949","24/02/18 14:00",1083,1,"NB_NS",1,"North",598,0,NA,13676,18,10,567,1,11,0,9
"950","24/02/18 14:00",1083,2,"NB_MID",1,"North",643,0,NA,14576,22,8,620,0,13,1,1
"951","24/02/18 14:00",1083,3,"NB_OS",1,"North",598,0,NA,15449,12,2,588,1,7,0,0
"952","24/02/18 14:00",1083,4,"SB_OS",2,"South",537,0,NA,16390,4,11,523,1,2,0,0
"953","24/02/18 14:00",1083,5,"SB_MID",2,"South",634,0,NA,15512,13,25,601,0,8,0,0
"954","24/02/18 14:00",1083,6,"SB_NS",2,"South",751,0,NA,14873,11,8,723,1,8,0,11
"955","24/02/18 15:00",1083,1,"NB_NS",1,"North",642,0,NA,13755,9,9,616,1,6,0,10
"956","24/02/18 15:00",1083,2,"NB_MID",1,"North",645,0,NA,14512,19,7,622,2,11,1,2
"957","24/02/18 15:00",1083,3,"NB_OS",1,"North",561,0,NA,15381,12,6,548,0,7,0,0
"958","24/02/18 15:00",1083,4,"SB_OS",2,"South",549,0,NA,16781,5,14,531,1,3,0,0
"959","24/02/18 15:00",1083,5,"SB_MID",2,"South",634,0,NA,16067,5,27,603,0,3,0,1
"960","24/02/18 15:00",1083,6,"SB_NS",2,"South",691,0,NA,14998,10,4,671,0,6,1,9
"961","24/02/18 16:00",1083,1,"NB_NS",1,"North",629,0,NA,13793,14,4,607,0,7,2,9
"962","24/02/18 16:00",1083,2,"NB_MID",1,"North",584,0,NA,14788,15,5,569,1,9,0,0
"963","24/02/18 16:00",1083,3,"NB_OS",1,"North",515,0,NA,15548,16,4,502,1,8,0,0
"964","24/02/18 16:00",1083,4,"SB_OS",2,"South",531,0,NA,16525,8,9,518,0,4,0,0
"965","24/02/18 16:00",1083,5,"SB_MID",2,"South",596,0,NA,15839,15,14,572,0,8,1,1
"966","24/02/18 16:00",1083,6,"SB_NS",2,"South",692,0,NA,14837,13,7,666,1,8,1,9
"967","24/02/18 17:00",1083,1,"NB_NS",1,"North",554,0,NA,14103,7,4,537,0,4,0,9
"968","24/02/18 17:00",1083,2,"NB_MID",1,"North",532,0,NA,14809,21,9,511,0,11,0,1
"969","24/02/18 17:00",1083,3,"NB_OS",1,"North",457,0,NA,15556,22,1,446,0,10,0,0
"970","24/02/18 17:00",1083,4,"SB_OS",2,"South",512,0,NA,16701,12,19,487,0,6,0,0
"971","24/02/18 17:00",1083,5,"SB_MID",2,"South",592,0,NA,15935,3,22,568,0,1,1,0
"972","24/02/18 17:00",1083,6,"SB_NS",2,"South",631,0,NA,14973,6,4,614,0,4,0,9
"973","24/02/18 18:00",1083,1,"NB_NS",1,"North",422,0,NA,14381,17,2,407,1,6,1,5
"974","24/02/18 18:00",1083,2,"NB_MID",1,"North",519,0,NA,14817,13,3,508,1,6,1,0
"975","24/02/18 18:00",1083,3,"NB_OS",1,"North",436,0,NA,15607,9,0,432,0,4,0,0
"976","24/02/18 18:00",1083,4,"SB_OS",2,"South",366,0,NA,16849,5,12,351,1,2,0,0
"977","24/02/18 18:00",1083,5,"SB_MID",2,"South",494,0,NA,16053,8,13,477,0,4,0,0
"978","24/02/18 18:00",1083,6,"SB_NS",2,"South",543,0,NA,15179,6,3,529,0,1,2,8
"979","24/02/18 19:00",1083,1,"NB_NS",1,"North",326,0,NA,15333,21,1,313,0,7,0,5
"980","24/02/18 19:00",1083,2,"NB_MID",1,"North",411,0,NA,15641,12,0,405,1,4,1,0
"981","24/02/18 19:00",1083,3,"NB_OS",1,"North",330,0,NA,15931,6,2,326,0,2,0,0
"982","24/02/18 19:00",1083,4,"SB_OS",2,"South",291,0,NA,16874,7,7,282,0,2,0,0
"983","24/02/18 19:00",1083,5,"SB_MID",2,"South",426,0,NA,16699,7,9,414,0,1,2,0
"984","24/02/18 19:00",1083,6,"SB_NS",2,"South",452,0,NA,15582,15,6,430,2,6,1,7
"985","24/02/18 20:00",1083,1,"NB_NS",1,"North",243,0,NA,15031,4,1,238,0,1,0,3
"986","24/02/18 20:00",1083,2,"NB_MID",1,"North",311,0,NA,15706,10,2,306,0,3,0,0
"987","24/02/18 20:00",1083,3,"NB_OS",1,"North",221,0,NA,16341,5,0,220,0,1,0,0
"988","24/02/18 20:00",1083,4,"SB_OS",2,"South",187,0,NA,17187,5,3,183,0,1,0,0
"989","24/02/18 20:00",1083,5,"SB_MID",2,"South",315,0,NA,16911,6,4,309,0,2,0,0
"990","24/02/18 20:00",1083,6,"SB_NS",2,"South",308,0,NA,16012,3,3,298,1,1,0,5
"991","24/02/18 21:00",1083,1,"NB_NS",1,"North",216,0,NA,15367,19,2,207,0,3,1,3
"992","24/02/18 21:00",1083,2,"NB_MID",1,"North",304,0,NA,16469,16,0,298,1,4,1,0
"993","24/02/18 21:00",1083,3,"NB_OS",1,"North",165,0,NA,16860,18,0,162,0,3,0,0
"994","24/02/18 21:00",1083,4,"SB_OS",2,"South",161,0,NA,17202,0,12,149,0,0,0,0
"995","24/02/18 21:00",1083,5,"SB_MID",2,"South",297,0,NA,16755,3,1,295,0,1,0,0
"996","24/02/18 21:00",1083,6,"SB_NS",2,"South",336,0,NA,15680,6,1,330,0,2,0,3
"997","24/02/18 22:00",1083,1,"NB_NS",1,"North",193,0,NA,14968,26,1,183,0,5,0,4
"998","24/02/18 22:00",1083,2,"NB_MID",1,"North",236,0,NA,15935,4,0,235,0,1,0,0
"999","24/02/18 22:00",1083,3,"NB_OS",1,"North",145,0,NA,16916,21,1,141,0,3,0,0
"1000","24/02/18 22:00",1083,4,"SB_OS",2,"South",133,0,NA,17128,0,5,128,0,0,0,0
"1001","24/02/18 22:00",1083,5,"SB_MID",2,"South",278,0,NA,16805,4,3,274,0,1,0,0
"1002","24/02/18 22:00",1083,6,"SB_NS",2,"South",262,0,NA,15844,4,2,255,0,0,1,4
"1003","24/02/18 23:00",1083,1,"NB_NS",1,"North",122,0,NA,15638,16,1,116,0,2,0,3
"1004","24/02/18 23:00",1083,2,"NB_MID",1,"North",233,0,NA,16168,9,4,226,0,1,1,1
"1005","24/02/18 23:00",1083,3,"NB_OS",1,"North",109,0,NA,16751,9,0,108,0,1,0,0
"1006","24/02/18 23:00",1083,4,"SB_OS",2,"South",96,0,NA,17245,0,3,93,0,0,0,0
"1007","24/02/18 23:00",1083,5,"SB_MID",2,"South",238,0,NA,16604,4,5,231,0,1,0,1
"1008","24/02/18 23:00",1083,6,"SB_NS",2,"South",232,0,NA,15927,17,4,221,0,4,0,3
"1009","28/02/18 00:00",1083,1,"NB_NS",1,"North",52,0,NA,14824,38,0,50,0,1,1,0
"1010","28/02/18 00:00",1083,2,"NB_MID",1,"North",60,0,NA,15954,17,0,59,0,1,0,0
"1011","28/02/18 00:00",1083,3,"NB_OS",1,"North",18,0,NA,16528,56,0,17,0,1,0,0
"1012","28/02/18 00:00",1083,4,"SB_OS",2,"South",26,0,NA,17874,0,1,25,0,0,0,0
"1013","28/02/18 00:00",1083,5,"SB_MID",2,"South",70,0,NA,17321,0,1,69,0,0,0,0
"1014","28/02/18 00:00",1083,6,"SB_NS",2,"South",83,0,NA,15790,24,1,80,0,2,0,0
"1015","28/02/18 01:00",1083,1,"NB_NS",1,"North",31,0,NA,16918,65,0,29,0,1,1,0
"1016","28/02/18 01:00",1083,2,"NB_MID",1,"North",45,0,NA,15562,67,1,41,0,3,0,0
"1017","28/02/18 01:00",1083,3,"NB_OS",1,"North",9,0,NA,16512,0,0,9,0,0,0,0
"1018","28/02/18 01:00",1083,4,"SB_OS",2,"South",11,0,NA,17121,0,0,11,0,0,0,0
"1019","28/02/18 01:00",1083,5,"SB_MID",2,"South",43,0,NA,18327,47,0,41,0,2,0,0
"1020","28/02/18 01:00",1083,6,"SB_NS",2,"South",39,0,NA,16296,26,0,38,0,1,0,0
"1021","28/02/18 02:00",1083,1,"NB_NS",1,"North",21,0,NA,16601,48,0,20,0,1,0,0
"1022","28/02/18 02:00",1083,2,"NB_MID",1,"North",31,0,NA,16577,97,0,28,0,3,0,0
"1023","28/02/18 02:00",1083,3,"NB_OS",1,"North",5,0,NA,18944,200,0,4,0,0,1,0
"1024","28/02/18 02:00",1083,4,"SB_OS",2,"South",6,0,NA,16342,0,0,6,0,0,0,0
"1025","28/02/18 02:00",1083,5,"SB_MID",2,"South",31,0,NA,16837,97,2,26,0,2,1,0
"1026","28/02/18 02:00",1083,6,"SB_NS",2,"South",37,0,NA,16119,135,0,32,0,4,1,0
"1027","28/02/18 03:00",1083,1,"NB_NS",1,"North",23,0,NA,15217,43,1,21,0,1,0,0
"1028","28/02/18 03:00",1083,2,"NB_MID",1,"North",21,0,NA,14894,143,0,18,0,3,0,0
"1029","28/02/18 03:00",1083,3,"NB_OS",1,"North",5,0,NA,16555,0,0,5,0,0,0,0
"1030","28/02/18 03:00",1083,4,"SB_OS",2,"South",5,0,NA,15111,0,1,4,0,0,0,0
"1031","28/02/18 03:00",1083,5,"SB_MID",2,"South",33,0,NA,16044,61,1,30,0,2,0,0
"1032","28/02/18 03:00",1083,6,"SB_NS",2,"South",37,0,NA,15601,54,0,35,0,2,0,0
"1033","28/02/18 04:00",1083,1,"NB_NS",1,"North",45,0,NA,14963,89,0,41,0,4,0,0
"1034","28/02/18 04:00",1083,2,"NB_MID",1,"North",54,0,NA,14573,111,1,47,0,6,0,0
"1035","28/02/18 04:00",1083,3,"NB_OS",1,"North",16,0,NA,15347,62,0,15,0,1,0,0
"1036","28/02/18 04:00",1083,4,"SB_OS",2,"South",10,0,NA,14167,0,0,10,0,0,0,0
"1037","28/02/18 04:00",1083,5,"SB_MID",2,"South",47,0,NA,14628,43,1,44,0,2,0,0
"1038","28/02/18 04:00",1083,6,"SB_NS",2,"South",71,0,NA,14343,42,1,67,0,3,0,0
"1039","28/02/18 05:00",1083,1,"NB_NS",1,"North",170,0,NA,15565,29,2,160,0,5,0,3
"1040","28/02/18 05:00",1083,2,"NB_MID",1,"North",152,0,NA,16056,46,1,144,0,6,1,0
"1041","28/02/18 05:00",1083,3,"NB_OS",1,"North",37,0,NA,15833,27,0,36,0,1,0,0
"1042","28/02/18 05:00",1083,4,"SB_OS",2,"South",49,0,NA,15765,0,3,45,0,0,0,1
"1043","28/02/18 05:00",1083,5,"SB_MID",2,"South",99,0,NA,16734,40,6,89,0,4,0,0
"1044","28/02/18 05:00",1083,6,"SB_NS",2,"South",125,0,NA,16040,56,3,115,0,7,0,0
"1045","28/02/18 06:00",1083,1,"NB_NS",1,"North",320,0,NA,14289,41,3,296,0,12,1,8
"1046","28/02/18 06:00",1083,2,"NB_MID",1,"North",460,0,NA,14646,37,2,441,0,13,4,0
"1047","28/02/18 06:00",1083,3,"NB_OS",1,"North",408,0,NA,15219,10,0,404,0,4,0,0
"1048","28/02/18 06:00",1083,4,"SB_OS",2,"South",218,0,NA,17069,18,4,210,0,4,0,0
"1049","28/02/18 06:00",1083,5,"SB_MID",2,"South",260,0,NA,16699,27,8,245,0,6,1,0
"1050","28/02/18 06:00",1083,6,"SB_NS",2,"South",346,0,NA,16025,69,1,318,0,22,2,3
"1051","28/02/18 07:00",1083,1,"NB_NS",1,"North",802,0,NA,11524,31,4,760,1,23,2,12
"1052","28/02/18 07:00",1083,2,"NB_MID",1,"North",1058,0,NA,9259,22,6,1025,1,22,1,3
"1053","28/02/18 07:00",1083,3,"NB_OS",1,"North",1079,0,NA,9472,17,1,1058,0,17,1,2
"1054","28/02/18 07:00",1083,4,"SB_OS",2,"South",573,0,NA,15639,14,13,552,0,7,1,0
"1055","28/02/18 07:00",1083,5,"SB_MID",2,"South",524,0,NA,15091,19,16,498,0,10,0,0
"1056","28/02/18 07:00",1083,6,"SB_NS",2,"South",977,0,NA,14181,39,6,922,2,35,3,9
"1057","28/02/18 08:00",1083,1,"NB_NS",1,"North",900,0,NA,8012,24,6,859,2,22,0,11
"1058","28/02/18 08:00",1083,2,"NB_MID",1,"North",847,0,NA,6103,30,13,809,0,24,1,0
"1059","28/02/18 08:00",1083,3,"NB_OS",1,"North",861,0,NA,6815,43,7,803,1,28,9,13
"1060","28/02/18 08:00",1083,4,"SB_OS",2,"South",539,0,NA,15558,11,7,526,0,6,0,0
"1061","28/02/18 08:00",1083,5,"SB_MID",2,"South",576,0,NA,15211,36,17,536,1,20,1,1
"1062","28/02/18 08:00",1083,6,"SB_NS",2,"South",926,0,NA,14028,36,9,876,0,27,6,8
"1063","28/02/18 09:00",1083,1,"NB_NS",1,"North",784,0,NA,10823,55,4,720,4,41,2,13
"1064","28/02/18 09:00",1083,2,"NB_MID",1,"North",876,0,NA,9720,29,4,843,0,22,3,4
"1065","28/02/18 09:00",1083,3,"NB_OS",1,"North",878,0,NA,9906,32,3,844,2,27,1,1
"1066","28/02/18 09:00",1083,4,"SB_OS",2,"South",416,0,NA,15873,36,5,396,0,12,3,0
"1067","28/02/18 09:00",1083,5,"SB_MID",2,"South",498,0,NA,15747,48,14,458,0,22,2,2
"1068","28/02/18 09:00",1083,6,"SB_NS",2,"South",644,0,NA,15144,67,3,587,1,38,5,10
"1069","28/02/18 10:00",1083,1,"NB_NS",1,"North",542,0,NA,13653,59,3,496,1,28,4,10
"1070","28/02/18 10:00",1083,2,"NB_MID",1,"North",633,0,NA,14635,73,3,582,2,44,2,0
"1071","28/02/18 10:00",1083,3,"NB_OS",1,"North",510,0,NA,15525,25,3,494,0,13,0,0
"1072","28/02/18 10:00",1083,4,"SB_OS",2,"South",337,0,NA,16547,30,6,320,1,9,1,0
"1073","28/02/18 10:00",1083,5,"SB_MID",2,"South",447,0,NA,15810,49,15,410,0,21,1,0
"1074","28/02/18 10:00",1083,6,"SB_NS",2,"South",586,0,NA,15047,85,4,518,2,44,6,12
"1075","28/02/18 11:00",1083,1,"NB_NS",1,"North",489,0,NA,13951,88,3,430,1,39,4,12
"1076","28/02/18 11:00",1083,2,"NB_MID",1,"North",593,0,NA,14667,78,6,537,4,43,3,0
"1077","28/02/18 11:00",1083,3,"NB_OS",1,"North",440,0,NA,15547,25,1,427,1,11,0,0
"1078","28/02/18 11:00",1083,4,"SB_OS",2,"South",393,0,NA,16388,36,6,372,1,14,0,0
"1079","28/02/18 11:00",1083,5,"SB_MID",2,"South",499,0,NA,15744,48,10,464,0,24,0,1
"1080","28/02/18 11:00",1083,6,"SB_NS",2,"South",651,0,NA,15102,78,6,581,1,46,5,12
"1081","28/02/18 12:00",1083,1,"NB_NS",1,"North",582,0,NA,13532,62,6,528,2,35,1,10
"1082","28/02/18 12:00",1083,2,"NB_MID",1,"North",592,0,NA,14566,42,6,559,1,22,3,1
"1083","28/02/18 12:00",1083,3,"NB_OS",1,"North",453,0,NA,15746,46,1,431,0,21,0,0
"1084","28/02/18 12:00",1083,4,"SB_OS",2,"South",452,0,NA,16064,22,13,428,1,10,0,0
"1085","28/02/18 12:00",1083,5,"SB_MID",2,"South",561,0,NA,15383,45,14,520,2,24,1,0
"1086","28/02/18 12:00",1083,6,"SB_NS",2,"South",624,0,NA,14718,53,6,573,2,32,1,10
"1087","28/02/18 13:00",1083,1,"NB_NS",1,"North",539,0,NA,13817,58,3,495,0,30,1,10
"1088","28/02/18 13:00",1083,2,"NB_MID",1,"North",521,0,NA,14597,46,2,492,3,24,0,0
"1089","28/02/18 13:00",1083,3,"NB_OS",1,"North",428,0,NA,15894,33,1,412,1,13,1,0
"1090","28/02/18 13:00",1083,4,"SB_OS",2,"South",451,0,NA,16210,27,11,428,0,12,0,0
"1091","28/02/18 13:00",1083,5,"SB_MID",2,"South",563,0,NA,15674,44,13,523,2,23,2,0
"1092","28/02/18 13:00",1083,6,"SB_NS",2,"South",709,0,NA,14765,62,4,649,2,37,7,10
"1093","28/02/18 14:00",1083,1,"NB_NS",1,"North",571,0,NA,13803,75,5,511,1,42,1,11
"1094","28/02/18 14:00",1083,2,"NB_MID",1,"North",532,0,NA,14719,51,3,497,3,24,3,2
"1095","28/02/18 14:00",1083,3,"NB_OS",1,"North",452,0,NA,15237,44,2,430,0,19,1,0
"1096","28/02/18 14:00",1083,4,"SB_OS",2,"South",548,0,NA,16017,31,10,521,0,17,0,0
"1097","28/02/18 14:00",1083,5,"SB_MID",2,"South",614,0,NA,15406,50,17,566,0,28,3,0
"1098","28/02/18 14:00",1083,6,"SB_NS",2,"South",772,0,NA,14890,52,1,723,0,31,9,8
"1099","28/02/18 15:00",1083,1,"NB_NS",1,"North",670,0,NA,12616,70,4,607,2,45,2,10
"1100","28/02/18 15:00",1083,2,"NB_MID",1,"North",542,0,NA,14194,65,3,501,2,33,2,1
"1101","28/02/18 15:00",1083,3,"NB_OS",1,"North",544,0,NA,14698,40,2,520,0,22,0,0
"1102","28/02/18 15:00",1083,4,"SB_OS",2,"South",684,0,NA,15372,23,8,658,2,15,1,0
"1103","28/02/18 15:00",1083,5,"SB_MID",2,"South",687,0,NA,14634,33,15,649,0,21,2,0
"1104","28/02/18 15:00",1083,6,"SB_NS",2,"South",994,0,NA,13505,35,2,946,0,30,5,11
"1105","28/02/18 16:00",1083,1,"NB_NS",1,"North",861,0,NA,11807,34,1,822,1,29,0,8
"1106","28/02/18 16:00",1083,2,"NB_MID",1,"North",647,0,NA,13472,34,7,616,0,19,3,2
"1107","28/02/18 16:00",1083,3,"NB_OS",1,"North",714,0,NA,14335,14,3,700,1,9,1,0
"1108","28/02/18 16:00",1083,4,"SB_OS",2,"South",706,0,NA,14709,13,13,684,0,9,0,0
"1109","28/02/18 16:00",1083,5,"SB_MID",2,"South",802,0,NA,13613,25,19,761,0,18,2,2
"1110","28/02/18 16:00",1083,6,"SB_NS",2,"South",1287,0,NA,11930,25,9,1238,0,30,2,8
"1111","28/02/18 17:00",1083,1,"NB_NS",1,"North",817,0,NA,11445,24,7,778,1,20,0,11
"1112","28/02/18 17:00",1083,2,"NB_MID",1,"North",653,0,NA,13122,20,5,631,1,12,1,3
"1113","28/02/18 17:00",1083,3,"NB_OS",1,"North",711,0,NA,13668,21,1,695,0,15,0,0
"1114","28/02/18 17:00",1083,4,"SB_OS",2,"South",737,0,NA,13792,5,16,716,1,4,0,0
"1115","28/02/18 17:00",1083,5,"SB_MID",2,"South",816,0,NA,12909,9,19,789,0,7,0,1
"1116","28/02/18 17:00",1083,6,"SB_NS",2,"South",1226,0,NA,11842,15,12,1187,1,16,2,8
"1117","28/02/18 18:00",1083,1,"NB_NS",1,"North",605,0,NA,12672,28,1,580,0,15,2,7
"1118","28/02/18 18:00",1083,2,"NB_MID",1,"North",573,0,NA,13301,21,4,555,2,10,2,0
"1119","28/02/18 18:00",1083,3,"NB_OS",1,"North",547,0,NA,14009,20,1,535,0,11,0,0
"1120","28/02/18 18:00",1083,4,"SB_OS",2,"South",588,0,NA,14861,3,18,568,0,2,0,0
"1121","28/02/18 18:00",1083,5,"SB_MID",2,"South",671,0,NA,14358,12,12,651,0,6,2,0
"1122","28/02/18 18:00",1083,6,"SB_NS",2,"South",908,0,NA,13495,12,8,881,0,11,0,8
"1123","28/02/18 19:00",1083,1,"NB_NS",1,"North",402,0,NA,13567,30,2,382,0,11,1,6
"1124","28/02/18 19:00",1083,2,"NB_MID",1,"North",419,0,NA,14222,14,4,408,0,6,0,1
"1125","28/02/18 19:00",1083,3,"NB_OS",1,"North",348,0,NA,14947,9,0,345,0,3,0,0
"1126","28/02/18 19:00",1083,4,"SB_OS",2,"South",338,0,NA,15687,0,14,323,0,0,0,1
"1127","28/02/18 19:00",1083,5,"SB_MID",2,"South",490,0,NA,14686,10,15,469,1,5,0,0
"1128","28/02/18 19:00",1083,6,"SB_NS",2,"South",524,0,NA,14169,13,3,504,0,6,1,10
"1129","28/02/18 20:00",1083,1,"NB_NS",1,"North",280,0,NA,14172,21,1,269,0,6,0,4
"1130","28/02/18 20:00",1083,2,"NB_MID",1,"North",301,0,NA,15014,10,1,294,3,1,2,0
"1131","28/02/18 20:00",1083,3,"NB_OS",1,"North",232,0,NA,15326,4,4,227,0,1,0,0
"1132","28/02/18 20:00",1083,4,"SB_OS",2,"South",200,0,NA,15938,10,5,192,0,1,1,1
"1133","28/02/18 20:00",1083,5,"SB_MID",2,"South",307,0,NA,15785,10,8,296,0,3,0,0
"1134","28/02/18 20:00",1083,6,"SB_NS",2,"South",357,0,NA,15347,8,1,348,0,2,1,5
"1135","28/02/18 21:00",1083,1,"NB_NS",1,"North",206,0,NA,14756,10,1,200,0,2,0,3
"1136","28/02/18 21:00",1083,2,"NB_MID",1,"North",232,0,NA,15122,4,2,229,0,0,1,0
"1137","28/02/18 21:00",1083,3,"NB_OS",1,"North",121,0,NA,15673,8,0,120,0,1,0,0
"1138","28/02/18 21:00",1083,4,"SB_OS",2,"South",141,0,NA,16600,0,2,139,0,0,0,0
"1139","28/02/18 21:00",1083,5,"SB_MID",2,"South",239,0,NA,16277,0,0,239,0,0,0,0
"1140","28/02/18 21:00",1083,6,"SB_NS",2,"South",266,0,NA,15456,8,2,258,0,2,0,4
"1141","28/02/18 22:00",1083,1,"NB_NS",1,"North",133,0,NA,15058,45,1,122,0,6,0,4
"1142","28/02/18 22:00",1083,2,"NB_MID",1,"North",180,0,NA,15054,6,1,177,1,0,1,0
"1143","28/02/18 22:00",1083,3,"NB_OS",1,"North",102,0,NA,15904,20,0,100,0,2,0,0
"1144","28/02/18 22:00",1083,4,"SB_OS",2,"South",100,0,NA,16739,10,4,94,1,1,0,0
"1145","28/02/18 22:00",1083,5,"SB_MID",2,"South",217,0,NA,16233,23,2,210,0,4,1,0
"1146","28/02/18 22:00",1083,6,"SB_NS",2,"South",261,0,NA,15190,15,0,253,0,4,0,4
"1147","28/02/18 23:00",1083,1,"NB_NS",1,"North",89,0,NA,15421,22,1,83,0,2,0,3
"1148","28/02/18 23:00",1083,2,"NB_MID",1,"North",117,0,NA,15707,17,0,115,0,1,1,0
"1149","28/02/18 23:00",1083,3,"NB_OS",1,"North",37,0,NA,15195,0,1,36,0,0,0,0
"1150","28/02/18 23:00",1083,4,"SB_OS",2,"South",53,0,NA,16855,0,1,52,0,0,0,0
"1151","28/02/18 23:00",1083,5,"SB_MID",2,"South",144,0,NA,16285,21,5,136,0,2,1,0
"1152","28/02/18 23:00",1083,6,"SB_NS",2,"South",157,0,NA,15706,19,0,149,0,2,1,5
